event_datetime_ts,parameter_group,parameter_name,parameter_value,source
2022-01-13 22:59:25.331,Djinn Status,LPIV,139.0,SysPrm
2022-01-13 22:59:25.331,Djinn Status,IV,156.0,SysPrm
2022-01-13 22:48:34.443,Djinn Status,LPIV,140.0,SysPrm
2022-01-13 22:48:34.443,Djinn Status,IV,157.0,SysPrm
2022-01-13 22:47:51.461,Djinn Status,LPIV,139.0,SysPrm
2022-01-13 22:47:51.461,Djinn Status,IV,156.0,SysPrm
2022-01-13 21:06:47.837,Djinn Status,LPIV,139.0,SysPrm
2022-01-13 21:06:47.837,Djinn Status,IV,156.0,SysPrm
2022-01-13 21:06:20.535,Djinn Status,LPIV,135.0,SysPrm
2022-01-13 21:06:20.535,Djinn Status,IV,154.0,SysPrm
2022-01-13 20:50:06.196,Djinn Status,LPIV,140.0,SysPrm
2022-01-13 20:50:06.196,Djinn Status,IV,156.0,SysPrm
2022-01-13 20:51:49.701,Djinn Status,LPIV,140.0,SysPrm
2022-01-13 20:51:49.701,Djinn Status,IV,156.0,SysPrm
2022-01-13 20:51:14.260,Djinn Status,LPIV,140.0,SysPrm
2022-01-13 20:51:14.260,Djinn Status,IV,156.0,SysPrm
2022-01-13 20:50:44.994,Djinn Status,LPIV,141.0,SysPrm
2022-01-13 20:50:44.994,Djinn Status,IV,156.0,SysPrm
2022-01-13 20:32:41.282,Djinn Status,LPIV,145.0,SysPrm
2022-01-13 20:32:41.282,Djinn Status,IV,157.0,SysPrm
2022-01-13 20:29:40.809,Djinn Status,LPIV,144.0,SysPrm
2022-01-13 20:29:40.809,Djinn Status,IV,156.0,SysPrm
2022-01-13 20:15:22.983,Djinn Status,LPIV,145.0,SysPrm
2022-01-13 20:15:22.983,Djinn Status,IV,157.0,SysPrm
2022-01-13 18:38:15.056,Djinn Status,LPIV,136.0,SysPrm
2022-01-13 18:38:15.056,Djinn Status,IV,153.0,SysPrm
2022-01-13 18:20:34.052,Djinn Status,LPIV,136.0,SysPrm
2022-01-13 18:20:34.052,Djinn Status,IV,153.0,SysPrm
2022-01-13 18:31:34.359,Djinn Status,LPIV,136.0,SysPrm
2022-01-13 18:31:34.359,Djinn Status,IV,153.0,SysPrm
2022-01-13 18:24:44.618,Djinn Status,LPIV,137.0,SysPrm
2022-01-13 18:24:44.618,Djinn Status,IV,154.0,SysPrm
2022-01-13 18:32:10.366,Djinn Status,LPIV,136.0,SysPrm
2022-01-13 18:32:10.366,Djinn Status,IV,153.0,SysPrm
2022-01-13 18:12:22.668,Djinn Status,LPIV,137.0,SysPrm
2022-01-13 18:12:22.668,Djinn Status,IV,154.0,SysPrm
2022-01-13 18:11:49.190,Djinn Status,LPIV,136.0,SysPrm
2022-01-13 18:11:49.190,Djinn Status,IV,154.0,SysPrm
2022-01-13 18:00:41.497,Djinn Status,LPIV,135.0,SysPrm
2022-01-13 18:00:41.497,Djinn Status,IV,154.0,SysPrm
2022-01-13 17:35:48.992,Djinn Status,LPIV,136.0,SysPrm
2022-01-13 17:35:48.992,Djinn Status,IV,155.0,SysPrm
2022-01-13 17:25:12.974,Djinn Status,LPIV,139.0,SysPrm
2022-01-13 17:25:12.974,Djinn Status,IV,156.0,SysPrm
2022-01-13 17:23:58.396,Djinn Status,LPIV,139.0,SysPrm
2022-01-13 17:23:58.396,Djinn Status,IV,156.0,SysPrm
2022-01-13 17:16:58.474,Djinn Status,LPIV,139.0,SysPrm
2022-01-13 17:16:58.474,Djinn Status,IV,156.0,SysPrm
2022-01-13 17:18:11.334,Djinn Status,LPIV,139.0,SysPrm
2022-01-13 17:18:11.334,Djinn Status,IV,156.0,SysPrm
2022-01-13 17:07:19.822,Djinn Status,LPIV,140.0,SysPrm
2022-01-13 17:07:19.822,Djinn Status,IV,157.0,SysPrm
2022-01-13 17:03:47.104,Djinn Status,LPIV,140.0,SysPrm
2022-01-13 17:03:47.104,Djinn Status,IV,157.0,SysPrm
2022-01-13 17:02:54.584,Djinn Status,LPIV,140.0,SysPrm
2022-01-13 17:02:54.584,Djinn Status,IV,157.0,SysPrm
2022-01-13 17:06:44.611,Djinn Status,LPIV,140.0,SysPrm
2022-01-13 17:06:44.611,Djinn Status,IV,157.0,SysPrm
2022-01-13 15:57:37.178,Djinn Status,LPIV,135.0,SysPrm
2022-01-13 15:57:37.178,Djinn Status,IV,153.0,SysPrm
2022-01-13 16:05:10.980,Djinn Status,LPIV,137.0,SysPrm
2022-01-13 16:05:10.980,Djinn Status,IV,154.0,SysPrm
2022-01-13 15:56:06.821,Djinn Status,LPIV,134.0,SysPrm
2022-01-13 15:56:06.821,Djinn Status,IV,153.0,SysPrm
2022-01-13 15:46:46.790,Djinn Status,LPIV,138.0,SysPrm
2022-01-13 15:46:46.790,Djinn Status,IV,154.0,SysPrm
2022-01-13 15:38:38.614,Djinn Status,LPIV,138.0,SysPrm
2022-01-13 15:38:38.614,Djinn Status,IV,155.0,SysPrm
2022-01-13 15:37:59.659,Djinn Status,LPIV,138.0,SysPrm
2022-01-13 15:37:59.659,Djinn Status,IV,155.0,SysPrm
2022-01-13 15:42:59.418,Djinn Status,LPIV,138.0,SysPrm
2022-01-13 15:42:59.418,Djinn Status,IV,154.0,SysPrm
2022-01-13 15:33:10.343,Djinn Status,LPIV,139.0,SysPrm
2022-01-13 15:33:10.343,Djinn Status,IV,155.0,SysPrm
2022-01-13 15:30:58.429,Djinn Status,LPIV,138.0,SysPrm
2022-01-13 15:30:58.429,Djinn Status,IV,154.0,SysPrm
2022-01-13 15:18:23.915,Djinn Status,LPIV,139.0,SysPrm
2022-01-13 15:18:23.915,Djinn Status,IV,155.0,SysPrm
2022-01-13 15:11:13.818,Djinn Status,LPIV,141.0,SysPrm
2022-01-13 15:11:13.818,Djinn Status,IV,156.0,SysPrm
2022-01-13 15:19:22.804,Djinn Status,LPIV,139.0,SysPrm
2022-01-13 15:19:22.804,Djinn Status,IV,155.0,SysPrm
2022-01-13 15:09:57.247,Djinn Status,LPIV,140.0,SysPrm
2022-01-13 15:09:57.247,Djinn Status,IV,156.0,SysPrm
2022-01-13 15:08:56.306,Djinn Status,LPIV,137.0,SysPrm
2022-01-13 15:08:56.306,Djinn Status,IV,156.0,SysPrm
2022-01-13 15:08:12.265,Djinn Status,LPIV,137.0,SysPrm
2022-01-13 15:08:12.265,Djinn Status,IV,156.0,SysPrm
2022-01-13 15:05:23.569,Djinn Status,LPIV,140.0,SysPrm
2022-01-13 15:05:23.569,Djinn Status,IV,156.0,SysPrm
2022-01-13 14:59:16.948,Djinn Status,LPIV,137.0,SysPrm
2022-01-13 14:59:16.948,Djinn Status,IV,156.0,SysPrm
2022-01-13 12:57:51.267,Djinn Status,LPIV,135.0,SysPrm
2022-01-13 12:57:51.267,Djinn Status,IV,154.0,SysPrm
2022-01-13 12:49:48.890,Djinn Status,LPIV,136.0,SysPrm
2022-01-13 12:49:48.890,Djinn Status,IV,155.0,SysPrm
2022-01-13 12:49:23.717,Djinn Status,LPIV,136.0,SysPrm
2022-01-13 12:49:23.717,Djinn Status,IV,155.0,SysPrm
2022-01-13 12:40:49.901,Djinn Status,LPIV,139.0,SysPrm
2022-01-13 12:40:49.901,Djinn Status,IV,156.0,SysPrm
2022-01-13 12:48:43.057,Djinn Status,LPIV,136.0,SysPrm
2022-01-13 12:48:43.057,Djinn Status,IV,154.0,SysPrm
2022-01-13 12:40:28.240,Djinn Status,LPIV,139.0,SysPrm
2022-01-13 12:40:28.240,Djinn Status,IV,156.0,SysPrm
2022-01-13 12:33:51.298,Djinn Status,LPIV,139.0,SysPrm
2022-01-13 12:33:51.298,Djinn Status,IV,156.0,SysPrm
2022-01-13 12:25:27.481,Djinn Status,LPIV,137.0,SysPrm
2022-01-13 12:25:27.481,Djinn Status,IV,156.0,SysPrm
2022-01-13 12:22:52.079,Djinn Status,LPIV,140.0,SysPrm
2022-01-13 12:22:52.079,Djinn Status,IV,157.0,SysPrm
2022-01-13 12:17:46.322,Djinn Status,LPIV,141.0,SysPrm
2022-01-13 12:17:46.322,Djinn Status,IV,158.0,SysPrm
2022-01-13 12:17:11.397,Djinn Status,LPIV,141.0,SysPrm
2022-01-13 12:17:11.397,Djinn Status,IV,157.0,SysPrm
2022-01-13 13:54:08.445,Djinn Status,LPIV,139.0,SysPrm
2022-01-13 13:54:08.445,Djinn Status,IV,156.0,SysPrm
2022-01-13 13:49:07.206,Djinn Status,LPIV,139.0,SysPrm
2022-01-13 13:49:07.206,Djinn Status,IV,156.0,SysPrm
2022-01-13 13:37:05.136,Djinn Status,LPIV,140.0,SysPrm
2022-01-13 13:37:05.136,Djinn Status,IV,157.0,SysPrm
2022-01-13 13:09:56.500,Djinn Status,LPIV,137.0,SysPrm
2022-01-13 13:09:56.500,Djinn Status,IV,154.0,SysPrm
2022-01-13 13:00:12.841,Djinn Status,LPIV,135.0,SysPrm
2022-01-13 13:00:12.841,Djinn Status,IV,154.0,SysPrm
2022-01-13 11:45:02.957,Djinn Status,LPIV,138.0,SysPrm
2022-01-13 11:45:02.957,Djinn Status,IV,155.0,SysPrm
2022-01-13 11:41:36.262,Djinn Status,LPIV,139.0,SysPrm
2022-01-13 11:41:36.262,Djinn Status,IV,155.0,SysPrm
2022-01-13 11:18:51.143,Djinn Status,LPIV,139.0,SysPrm
2022-01-13 11:18:51.143,Djinn Status,IV,155.0,SysPrm
2022-01-13 11:10:59.416,Djinn Status,LPIV,139.0,SysPrm
2022-01-13 11:10:59.416,Djinn Status,IV,155.0,SysPrm
2022-01-13 11:04:25.919,Djinn Status,LPIV,139.0,SysPrm
2022-01-13 11:04:25.919,Djinn Status,IV,156.0,SysPrm
2022-01-13 11:00:48.043,Djinn Status,LPIV,139.0,SysPrm
2022-01-13 11:00:48.043,Djinn Status,IV,156.0,SysPrm
2022-01-13 11:00:43.476,Djinn Status,LPIV,144.0,SysPrm
2022-01-13 11:00:43.476,Djinn Status,IV,155.0,SysPrm
2022-01-13 10:51:02.301,Djinn Status,LPIV,139.0,SysPrm
2022-01-13 10:51:02.301,Djinn Status,IV,156.0,SysPrm
2022-01-13 10:55:10.681,Djinn Status,LPIV,136.0,SysPrm
2022-01-13 10:55:10.681,Djinn Status,IV,155.0,SysPrm
2022-01-13 10:44:28.533,Djinn Status,LPIV,139.0,SysPrm
2022-01-13 10:44:28.533,Djinn Status,IV,156.0,SysPrm
2022-01-13 10:28:58.827,Djinn Status,LPIV,139.0,SysPrm
2022-01-13 10:28:58.827,Djinn Status,IV,156.0,SysPrm
2022-01-13 08:03:33.030,Djinn Status,LPIV,139.0,SysPrm
2022-01-13 08:03:33.030,Djinn Status,IV,157.0,SysPrm
2022-01-13 08:02:45.821,Djinn Status,LPIV,139.0,SysPrm
2022-01-13 08:02:45.821,Djinn Status,IV,157.0,SysPrm
2022-01-13 08:07:40.112,Djinn Status,LPIV,139.0,SysPrm
2022-01-13 08:07:40.112,Djinn Status,IV,156.0,SysPrm
2022-01-13 07:59:51.281,Djinn Status,IV,156.0,SysPrm
2022-01-13 07:59:51.281,Djinn Status,LPIV,139.0,SysPrm
2022-01-13 07:56:12.129,Djinn Status,LPIV,139.0,SysPrm
2022-01-13 07:56:12.129,Djinn Status,IV,157.0,SysPrm
2022-01-13 07:52:39.592,Djinn Status,LPIV,140.0,SysPrm
2022-01-13 07:52:39.592,Djinn Status,IV,157.0,SysPrm
2022-01-13 06:09:12.993,Djinn Status,LPIV,137.0,SysPrm
2022-01-13 06:09:12.993,Djinn Status,IV,154.0,SysPrm
2022-01-13 06:01:05.348,Djinn Status,LPIV,138.0,SysPrm
2022-01-13 06:01:05.348,Djinn Status,IV,155.0,SysPrm
2022-01-13 04:46:51.201,Djinn Status,LPIV,140.0,SysPrm
2022-01-13 04:46:51.201,Djinn Status,IV,157.0,SysPrm
2022-01-13 04:45:52.289,Djinn Status,LPIV,140.0,SysPrm
2022-01-13 04:45:52.289,Djinn Status,IV,157.0,SysPrm
2022-01-13 04:52:28.790,Djinn Status,LPIV,139.0,SysPrm
2022-01-13 04:52:28.790,Djinn Status,IV,156.0,SysPrm
2022-01-13 04:45:00.729,Djinn Status,LPIV,140.0,SysPrm
2022-01-13 04:45:00.729,Djinn Status,IV,156.0,SysPrm
2022-01-13 04:40:28.900,Djinn Status,LPIV,140.0,SysPrm
2022-01-13 04:40:28.900,Djinn Status,IV,157.0,SysPrm
2022-01-13 05:58:04.702,Djinn Status,LPIV,138.0,SysPrm
2022-01-13 05:58:04.702,Djinn Status,IV,155.0,SysPrm
2022-01-13 05:46:57.865,Djinn Status,LPIV,139.0,SysPrm
2022-01-13 05:46:57.865,Djinn Status,IV,155.0,SysPrm
2022-01-13 05:54:25.407,Djinn Status,LPIV,138.0,SysPrm
2022-01-13 05:54:25.407,Djinn Status,IV,155.0,SysPrm
2022-01-13 05:51:53.095,Djinn Status,LPIV,138.0,SysPrm
2022-01-13 05:51:53.095,Djinn Status,IV,155.0,SysPrm
2022-01-13 05:43:35.604,Djinn Status,LPIV,138.0,SysPrm
2022-01-13 05:43:35.604,Djinn Status,IV,155.0,SysPrm
2022-01-13 05:37:30.680,Djinn Status,LPIV,138.0,SysPrm
2022-01-13 05:37:30.680,Djinn Status,IV,155.0,SysPrm
2022-01-13 05:41:03.692,Djinn Status,LPIV,139.0,SysPrm
2022-01-13 05:41:03.692,Djinn Status,IV,156.0,SysPrm
2022-01-13 05:34:40.121,Djinn Status,LPIV,138.0,SysPrm
2022-01-13 05:34:40.121,Djinn Status,IV,156.0,SysPrm
2022-01-13 05:30:51.801,Djinn Status,LPIV,139.0,SysPrm
2022-01-13 05:30:51.801,Djinn Status,IV,156.0,SysPrm
2022-01-13 05:27:17.003,Djinn Status,LPIV,139.0,SysPrm
2022-01-13 05:27:17.003,Djinn Status,IV,155.0,SysPrm
2022-01-13 05:07:12.634,Djinn Status,LPIV,140.0,SysPrm
2022-01-13 05:07:12.634,Djinn Status,IV,156.0,SysPrm
2022-01-13 05:14:09.506,Djinn Status,LPIV,139.0,SysPrm
2022-01-13 05:14:09.506,Djinn Status,IV,156.0,SysPrm
2022-01-13 05:06:43.634,Djinn Status,LPIV,139.0,SysPrm
2022-01-13 05:06:43.634,Djinn Status,IV,156.0,SysPrm
2022-01-13 05:01:18.500,Djinn Status,LPIV,139.0,SysPrm
2022-01-13 05:01:18.500,Djinn Status,IV,156.0,SysPrm
2022-01-13 02:33:08.717,Djinn Status,LPIV,132.0,SysPrm
2022-01-13 02:33:08.717,Djinn Status,IV,150.0,SysPrm
2022-01-13 02:29:16.821,Djinn Status,LPIV,129.0,SysPrm
2022-01-13 02:29:16.821,Djinn Status,IV,150.0,SysPrm
2022-01-13 02:28:26.008,Djinn Status,LPIV,129.0,SysPrm
2022-01-13 02:28:26.008,Djinn Status,IV,149.0,SysPrm
2022-01-13 02:35:32.144,Djinn Status,LPIV,132.0,SysPrm
2022-01-13 02:35:32.144,Djinn Status,IV,150.0,SysPrm
2022-01-13 02:25:29.750,Djinn Status,LPIV,132.0,SysPrm
2022-01-13 02:25:29.750,Djinn Status,IV,150.0,SysPrm
2022-01-13 02:21:32.940,Djinn Status,LPIV,132.0,SysPrm
2022-01-13 02:21:32.940,Djinn Status,IV,150.0,SysPrm
2022-01-13 02:12:19.040,Djinn Status,LPIV,132.0,SysPrm
2022-01-13 02:12:19.040,Djinn Status,IV,150.0,SysPrm
2022-01-13 02:15:10.920,Djinn Status,LPIV,132.0,SysPrm
2022-01-13 02:15:10.920,Djinn Status,IV,150.0,SysPrm
2022-01-13 02:03:55.555,Djinn Status,LPIV,132.0,SysPrm
2022-01-13 02:03:55.555,Djinn Status,IV,150.0,SysPrm
2022-01-13 02:18:15.310,Djinn Status,LPIV,132.0,SysPrm
2022-01-13 02:18:15.310,Djinn Status,IV,150.0,SysPrm
2022-01-13 01:59:58.229,Djinn Status,LPIV,132.0,SysPrm
2022-01-13 01:59:58.229,Djinn Status,IV,150.0,SysPrm
2022-01-13 01:56:35.490,Djinn Status,LPIV,132.0,SysPrm
2022-01-13 01:56:35.490,Djinn Status,IV,150.0,SysPrm
2022-01-13 02:09:11.016,Djinn Status,LPIV,132.0,SysPrm
2022-01-13 02:09:11.016,Djinn Status,IV,150.0,SysPrm
2022-01-13 01:51:06.968,Djinn Status,LPIV,133.0,SysPrm
2022-01-13 01:51:06.968,Djinn Status,IV,151.0,SysPrm
2022-01-13 01:54:21.622,Djinn Status,LPIV,133.0,SysPrm
2022-01-13 01:54:21.622,Djinn Status,IV,151.0,SysPrm
2022-01-13 01:46:02.418,Djinn Status,LPIV,133.0,SysPrm
2022-01-13 01:46:02.418,Djinn Status,IV,151.0,SysPrm
2022-01-13 01:52:13.812,Djinn Status,LPIV,133.0,SysPrm
2022-01-13 01:52:13.812,Djinn Status,IV,151.0,SysPrm
2022-01-13 01:48:44.718,Djinn Status,LPIV,133.0,SysPrm
2022-01-13 01:48:44.718,Djinn Status,IV,151.0,SysPrm
2022-01-13 01:44:25.046,Djinn Status,LPIV,132.0,SysPrm
2022-01-13 01:44:25.046,Djinn Status,IV,151.0,SysPrm
2022-01-13 01:39:20.135,Djinn Status,LPIV,133.0,SysPrm
2022-01-13 01:39:20.135,Djinn Status,IV,150.0,SysPrm
2022-01-13 01:41:55.006,Djinn Status,LPIV,133.0,SysPrm
2022-01-13 01:41:55.006,Djinn Status,IV,151.0,SysPrm
2022-01-14 22:55:38.561,Djinn Status,LPIV,132.0,SysPrm
2022-01-14 22:55:38.561,Djinn Status,IV,152.0,SysPrm
2022-01-14 22:53:55.588,Djinn Status,LPIV,133.0,SysPrm
2022-01-14 22:53:55.588,Djinn Status,IV,152.0,SysPrm
2022-01-14 22:23:29.127,Djinn Status,LPIV,133.0,SysPrm
2022-01-14 22:23:29.127,Djinn Status,IV,152.0,SysPrm
2022-01-14 22:22:52.039,Djinn Status,LPIV,133.0,SysPrm
2022-01-14 22:22:52.039,Djinn Status,IV,152.0,SysPrm
2022-01-14 22:24:45.055,Djinn Status,LPIV,136.0,SysPrm
2022-01-14 22:24:45.055,Djinn Status,IV,153.0,SysPrm
2022-01-14 21:52:44.024,Djinn Status,LPIV,136.0,SysPrm
2022-01-14 21:52:44.024,Djinn Status,IV,153.0,SysPrm
2022-01-14 21:52:15.421,Djinn Status,LPIV,136.0,SysPrm
2022-01-14 21:52:15.421,Djinn Status,IV,153.0,SysPrm
2022-01-14 21:54:32.129,Djinn Status,LPIV,136.0,SysPrm
2022-01-14 21:54:32.129,Djinn Status,IV,153.0,SysPrm
2022-01-14 21:54:09.780,Djinn Status,LPIV,136.0,SysPrm
2022-01-14 21:54:09.780,Djinn Status,IV,153.0,SysPrm
2022-01-14 21:53:30.179,Djinn Status,LPIV,136.0,SysPrm
2022-01-14 21:53:30.179,Djinn Status,IV,153.0,SysPrm
2022-01-14 21:25:23.364,Djinn Status,LPIV,137.0,SysPrm
2022-01-14 21:25:23.364,Djinn Status,IV,154.0,SysPrm
2022-01-14 21:24:38.382,Djinn Status,LPIV,136.0,SysPrm
2022-01-14 21:24:38.382,Djinn Status,IV,153.0,SysPrm
2022-01-14 21:48:13.252,Djinn Status,LPIV,136.0,SysPrm
2022-01-14 21:48:13.252,Djinn Status,IV,153.0,SysPrm
2022-01-14 21:17:42.092,Djinn Status,LPIV,138.0,SysPrm
2022-01-14 21:17:42.092,Djinn Status,IV,154.0,SysPrm
2022-01-14 21:14:23.054,Djinn Status,LPIV,138.0,SysPrm
2022-01-14 21:14:23.054,Djinn Status,IV,154.0,SysPrm
2022-01-14 21:13:49.859,Djinn Status,LPIV,137.0,SysPrm
2022-01-14 21:13:49.859,Djinn Status,IV,153.0,SysPrm
2022-01-14 21:16:09.283,Djinn Status,LPIV,137.0,SysPrm
2022-01-14 21:16:09.283,Djinn Status,IV,154.0,SysPrm
2022-01-14 20:49:22.958,Djinn Status,LPIV,138.0,SysPrm
2022-01-14 20:49:22.958,Djinn Status,IV,154.0,SysPrm
2022-01-14 20:48:56.370,Djinn Status,LPIV,137.0,SysPrm
2022-01-14 20:48:56.370,Djinn Status,IV,153.0,SysPrm
2022-01-14 20:51:36.395,Djinn Status,LPIV,137.0,SysPrm
2022-01-14 20:51:36.395,Djinn Status,IV,154.0,SysPrm
2022-01-14 20:46:00.790,Djinn Status,LPIV,137.0,SysPrm
2022-01-14 20:46:00.790,Djinn Status,IV,154.0,SysPrm
2022-01-14 15:25:24.486,Djinn Status,LPIV,140.0,SysPrm
2022-01-14 15:25:24.486,Djinn Status,IV,156.0,SysPrm
2022-01-14 15:23:01.584,Djinn Status,LPIV,140.0,SysPrm
2022-01-14 15:23:01.584,Djinn Status,IV,156.0,SysPrm
2022-01-14 15:22:36.007,Djinn Status,LPIV,139.0,SysPrm
2022-01-14 15:22:36.007,Djinn Status,IV,156.0,SysPrm
2022-01-14 11:25:50.907,Djinn Status,LPIV,140.0,SysPrm
2022-01-14 11:25:50.907,Djinn Status,IV,157.0,SysPrm
2022-01-14 11:23:42.180,Djinn Status,LPIV,140.0,SysPrm
2022-01-14 11:23:42.180,Djinn Status,IV,156.0,SysPrm
2022-01-14 11:27:17.242,Djinn Status,LPIV,141.0,SysPrm
2022-01-14 11:27:17.242,Djinn Status,IV,157.0,SysPrm
2022-01-14 11:27:00.364,Djinn Status,LPIV,152.0,SysPrm
2022-01-14 11:27:00.364,Djinn Status,IV,156.0,SysPrm
2022-01-14 11:12:37.060,Djinn Status,LPIV,138.0,SysPrm
2022-01-14 11:12:37.060,Djinn Status,IV,156.0,SysPrm
2022-01-14 11:11:17.089,Djinn Status,LPIV,137.0,SysPrm
2022-01-14 11:11:17.089,Djinn Status,IV,156.0,SysPrm
2022-01-14 09:58:06.261,Djinn Status,LPIV,135.0,SysPrm
2022-01-14 09:58:06.261,Djinn Status,IV,152.0,SysPrm
2022-01-14 09:50:16.429,Djinn Status,LPIV,135.0,SysPrm
2022-01-14 09:50:16.429,Djinn Status,IV,152.0,SysPrm
2022-01-14 09:44:16.965,Djinn Status,LPIV,133.0,SysPrm
2022-01-14 09:44:16.965,Djinn Status,IV,152.0,SysPrm
2022-01-14 09:39:59.302,Djinn Status,LPIV,135.0,SysPrm
2022-01-14 09:39:59.302,Djinn Status,IV,152.0,SysPrm
2022-01-14 08:57:49.677,Djinn Status,LPIV,137.0,SysPrm
2022-01-14 08:57:49.677,Djinn Status,IV,154.0,SysPrm
2022-01-14 08:50:24.001,Djinn Status,LPIV,137.0,SysPrm
2022-01-14 08:50:24.001,Djinn Status,IV,154.0,SysPrm
2022-01-14 08:42:15.743,Djinn Status,LPIV,140.0,SysPrm
2022-01-14 08:42:15.743,Djinn Status,IV,155.0,SysPrm
2022-01-14 08:54:35.972,Djinn Status,LPIV,137.0,SysPrm
2022-01-14 08:54:35.972,Djinn Status,IV,154.0,SysPrm
2022-01-14 08:41:18.970,Djinn Status,LPIV,140.0,SysPrm
2022-01-14 08:41:18.970,Djinn Status,IV,155.0,SysPrm
2022-01-14 08:43:13.245,Djinn Status,LPIV,140.0,SysPrm
2022-01-14 08:43:13.245,Djinn Status,IV,155.0,SysPrm
2022-01-14 08:29:50.836,Djinn Status,LPIV,138.0,SysPrm
2022-01-14 08:29:50.836,Djinn Status,IV,155.0,SysPrm
2022-01-14 08:39:14.839,Djinn Status,LPIV,152.0,SysPrm
2022-01-14 08:39:14.839,Djinn Status,IV,155.0,SysPrm
2022-01-14 08:38:52.944,Djinn Status,LPIV,140.0,SysPrm
2022-01-14 08:38:52.944,Djinn Status,IV,156.0,SysPrm
2022-01-14 08:38:48.631,Djinn Status,LPIV,151.0,SysPrm
2022-01-14 08:38:48.631,Djinn Status,IV,154.0,SysPrm
2022-01-14 08:26:59.107,Djinn Status,LPIV,138.0,SysPrm
2022-01-14 08:26:59.107,Djinn Status,IV,155.0,SysPrm
2022-01-14 08:39:27.867,Djinn Status,LPIV,140.0,SysPrm
2022-01-14 08:39:27.867,Djinn Status,IV,155.0,SysPrm
2022-01-14 08:37:55.969,Djinn Status,LPIV,140.0,SysPrm
2022-01-14 08:37:55.969,Djinn Status,IV,155.0,SysPrm
2022-01-14 08:37:43.867,Djinn Status,LPIV,139.0,SysPrm
2022-01-14 08:37:43.867,Djinn Status,IV,155.0,SysPrm
2022-01-14 08:21:00.253,Djinn Status,LPIV,139.0,SysPrm
2022-01-14 08:21:00.253,Djinn Status,IV,156.0,SysPrm
2022-01-14 08:10:13.588,Djinn Status,LPIV,139.0,SysPrm
2022-01-14 08:10:13.588,Djinn Status,IV,156.0,SysPrm
2022-01-14 08:16:35.311,Djinn Status,LPIV,139.0,SysPrm
2022-01-14 08:16:35.311,Djinn Status,IV,156.0,SysPrm
2022-01-14 08:12:07.444,Djinn Status,LPIV,137.0,SysPrm
2022-01-14 08:12:07.444,Djinn Status,IV,155.0,SysPrm
2022-01-14 07:58:09.438,Djinn Status,LPIV,140.0,SysPrm
2022-01-14 07:58:09.438,Djinn Status,IV,157.0,SysPrm
2022-01-14 07:57:33.066,Djinn Status,LPIV,139.0,SysPrm
2022-01-14 07:57:33.066,Djinn Status,IV,156.0,SysPrm
2022-01-14 07:51:17.046,Djinn Status,LPIV,140.0,SysPrm
2022-01-14 07:51:17.046,Djinn Status,IV,157.0,SysPrm
2022-01-14 07:50:37.251,Djinn Status,LPIV,139.0,SysPrm
2022-01-14 07:50:37.251,Djinn Status,IV,156.0,SysPrm
2022-01-14 07:43:51.119,Djinn Status,LPIV,140.0,SysPrm
2022-01-14 07:43:51.119,Djinn Status,IV,157.0,SysPrm
2022-01-14 06:21:54.100,Djinn Status,LPIV,136.0,SysPrm
2022-01-14 06:21:54.100,Djinn Status,IV,153.0,SysPrm
2022-01-14 06:19:07.754,Djinn Status,LPIV,136.0,SysPrm
2022-01-14 06:19:07.754,Djinn Status,IV,153.0,SysPrm
2022-01-14 06:14:56.025,Djinn Status,LPIV,136.0,SysPrm
2022-01-14 06:14:56.025,Djinn Status,IV,153.0,SysPrm
2022-01-14 06:14:30.193,Djinn Status,LPIV,136.0,SysPrm
2022-01-14 06:14:30.193,Djinn Status,IV,153.0,SysPrm
2022-01-14 06:08:28.103,Djinn Status,IV,153.0,SysPrm
2022-01-14 06:08:28.103,Djinn Status,LPIV,136.0,SysPrm
2022-01-14 04:57:29.098,Djinn Status,LPIV,140.0,SysPrm
2022-01-14 04:57:29.098,Djinn Status,IV,157.0,SysPrm
2022-01-14 04:56:41.231,Djinn Status,LPIV,140.0,SysPrm
2022-01-14 04:56:41.231,Djinn Status,IV,157.0,SysPrm
2022-01-14 06:12:13.865,Djinn Status,LPIV,136.0,SysPrm
2022-01-14 06:12:13.865,Djinn Status,IV,153.0,SysPrm
2022-01-14 06:02:26.687,Djinn Status,LPIV,137.0,SysPrm
2022-01-14 06:02:26.687,Djinn Status,IV,154.0,SysPrm
2022-01-14 06:04:57.771,Djinn Status,LPIV,137.0,SysPrm
2022-01-14 06:04:57.771,Djinn Status,IV,153.0,SysPrm
2022-01-14 04:33:42.508,Djinn Status,LPIV,139.0,SysPrm
2022-01-14 04:33:42.508,Djinn Status,IV,156.0,SysPrm
2022-01-14 04:34:16.406,Djinn Status,LPIV,140.0,SysPrm
2022-01-14 04:34:16.406,Djinn Status,IV,156.0,SysPrm
2022-01-14 04:27:45.115,Djinn Status,LPIV,140.0,SysPrm
2022-01-14 04:27:45.115,Djinn Status,IV,156.0,SysPrm
2022-01-14 04:24:08.417,Djinn Status,LPIV,140.0,SysPrm
2022-01-14 04:24:08.417,Djinn Status,IV,157.0,SysPrm
2022-01-14 04:20:14.575,Djinn Status,LPIV,141.0,SysPrm
2022-01-14 04:20:14.575,Djinn Status,IV,157.0,SysPrm
2022-01-14 04:19:55.107,Djinn Status,LPIV,140.0,SysPrm
2022-01-14 04:19:55.107,Djinn Status,IV,156.0,SysPrm
2022-01-14 04:11:14.361,Djinn Status,LPIV,140.0,SysPrm
2022-01-14 04:11:14.361,Djinn Status,IV,157.0,SysPrm
2022-01-14 04:06:41.164,Djinn Status,LPIV,140.0,SysPrm
2022-01-14 04:06:41.164,Djinn Status,IV,157.0,SysPrm
2022-01-14 04:15:32.156,Djinn Status,LPIV,139.0,SysPrm
2022-01-14 04:15:32.156,Djinn Status,IV,156.0,SysPrm
2022-01-14 06:00:01.262,Djinn Status,LPIV,137.0,SysPrm
2022-01-14 06:00:01.262,Djinn Status,IV,154.0,SysPrm
2022-01-14 04:04:12.188,Djinn Status,LPIV,140.0,SysPrm
2022-01-14 04:04:12.188,Djinn Status,IV,157.0,SysPrm
2022-01-14 05:55:25.440,Djinn Status,LPIV,137.0,SysPrm
2022-01-14 05:55:25.440,Djinn Status,IV,154.0,SysPrm
2022-01-14 05:49:51.519,Djinn Status,LPIV,137.0,SysPrm
2022-01-14 05:49:51.519,Djinn Status,IV,154.0,SysPrm
2022-01-14 05:48:04.290,Djinn Status,LPIV,137.0,SysPrm
2022-01-14 05:48:04.290,Djinn Status,IV,154.0,SysPrm
2022-01-14 05:44:54.026,Djinn Status,LPIV,137.0,SysPrm
2022-01-14 05:44:54.026,Djinn Status,IV,154.0,SysPrm
2022-01-14 05:40:29.242,Djinn Status,LPIV,138.0,SysPrm
2022-01-14 05:40:29.242,Djinn Status,IV,154.0,SysPrm
2022-01-14 05:34:00.144,Djinn Status,LPIV,138.0,SysPrm
2022-01-14 05:34:00.144,Djinn Status,IV,155.0,SysPrm
2022-01-14 05:39:47.230,Djinn Status,LPIV,137.0,SysPrm
2022-01-14 05:39:47.230,Djinn Status,IV,154.0,SysPrm
2022-01-14 05:18:59.379,Djinn Status,LPIV,138.0,SysPrm
2022-01-14 05:18:59.379,Djinn Status,IV,155.0,SysPrm
2022-01-14 05:28:50.934,Djinn Status,LPIV,138.0,SysPrm
2022-01-14 05:28:50.934,Djinn Status,IV,155.0,SysPrm
2022-01-14 05:28:18.212,Djinn Status,LPIV,138.0,SysPrm
2022-01-14 05:28:18.212,Djinn Status,IV,155.0,SysPrm
2022-01-14 05:13:05.082,Djinn Status,LPIV,138.0,SysPrm
2022-01-14 05:13:05.082,Djinn Status,IV,155.0,SysPrm
2022-01-14 05:32:13.459,Djinn Status,LPIV,138.0,SysPrm
2022-01-14 05:32:13.459,Djinn Status,IV,155.0,SysPrm
2022-01-14 05:07:31.001,Djinn Status,LPIV,139.0,SysPrm
2022-01-14 05:07:31.001,Djinn Status,IV,156.0,SysPrm
2022-01-14 05:05:46.768,Djinn Status,LPIV,139.0,SysPrm
2022-01-14 05:05:46.768,Djinn Status,IV,156.0,SysPrm
2022-01-14 05:02:03.379,Djinn Status,LPIV,139.0,SysPrm
2022-01-14 05:02:03.379,Djinn Status,IV,156.0,SysPrm
2022-01-14 02:57:41.142,Djinn Status,LPIV,137.0,SysPrm
2022-01-14 02:57:41.142,Djinn Status,IV,154.0,SysPrm
2022-01-14 02:52:56.451,Djinn Status,LPIV,137.0,SysPrm
2022-01-14 02:52:56.451,Djinn Status,IV,153.0,SysPrm
2022-01-14 02:47:35.127,Djinn Status,LPIV,137.0,SysPrm
2022-01-14 02:47:35.127,Djinn Status,IV,154.0,SysPrm
2022-01-14 02:44:26.363,Djinn Status,LPIV,137.0,SysPrm
2022-01-14 02:44:26.363,Djinn Status,IV,154.0,SysPrm
2022-01-14 02:32:28.920,Djinn Status,LPIV,137.0,SysPrm
2022-01-14 02:32:28.920,Djinn Status,IV,154.0,SysPrm
2022-01-14 02:36:03.399,Djinn Status,LPIV,137.0,SysPrm
2022-01-14 02:36:03.399,Djinn Status,IV,154.0,SysPrm
2022-01-14 02:26:23.950,Djinn Status,LPIV,137.0,SysPrm
2022-01-14 02:26:23.950,Djinn Status,IV,154.0,SysPrm
2022-01-14 02:26:01.550,Djinn Status,LPIV,137.0,SysPrm
2022-01-14 02:26:01.550,Djinn Status,IV,154.0,SysPrm
2022-01-14 02:15:58.757,Djinn Status,LPIV,138.0,SysPrm
2022-01-14 02:15:58.757,Djinn Status,IV,155.0,SysPrm
2022-01-14 02:15:28.718,Djinn Status,LPIV,138.0,SysPrm
2022-01-14 02:15:28.718,Djinn Status,IV,155.0,SysPrm
2022-01-14 02:09:48.129,Djinn Status,LPIV,138.0,SysPrm
2022-01-14 02:09:48.129,Djinn Status,IV,154.0,SysPrm
2022-01-14 02:22:29.778,Djinn Status,LPIV,138.0,SysPrm
2022-01-14 02:22:29.778,Djinn Status,IV,154.0,SysPrm
2022-01-14 02:03:40.267,Djinn Status,LPIV,138.0,SysPrm
2022-01-14 02:03:40.267,Djinn Status,IV,155.0,SysPrm
2022-01-13 23:09:51.013,Djinn Status,LPIV,138.0,SysPrm
2022-01-13 23:09:51.013,Djinn Status,IV,155.0,SysPrm
2022-01-14 01:53:32.587,Djinn Status,LPIV,138.0,SysPrm
2022-01-14 01:53:32.587,Djinn Status,IV,155.0,SysPrm
2022-01-14 01:48:29.537,Djinn Status,LPIV,139.0,SysPrm
2022-01-14 01:48:29.537,Djinn Status,IV,155.0,SysPrm
2022-01-14 01:57:54.698,Djinn Status,LPIV,139.0,SysPrm
2022-01-14 01:57:54.698,Djinn Status,IV,155.0,SysPrm
2022-01-14 01:43:05.546,Djinn Status,LPIV,139.0,SysPrm
2022-01-14 01:43:05.546,Djinn Status,IV,155.0,SysPrm
2022-01-14 01:58:18.319,Djinn Status,LPIV,139.0,SysPrm
2022-01-14 01:58:18.319,Djinn Status,IV,156.0,SysPrm
2022-01-14 01:24:49.379,Djinn Status,LPIV,140.0,SysPrm
2022-01-14 01:24:49.379,Djinn Status,IV,157.0,SysPrm
2022-01-14 01:24:23.175,Djinn Status,LPIV,139.0,SysPrm
2022-01-14 01:24:23.175,Djinn Status,IV,156.0,SysPrm
2022-01-14 01:41:07.117,Djinn Status,LPIV,139.0,SysPrm
2022-01-14 01:41:07.117,Djinn Status,IV,155.0,SysPrm
2022-01-14 01:34:47.429,Djinn Status,LPIV,140.0,SysPrm
2022-01-14 01:34:47.429,Djinn Status,IV,156.0,SysPrm
2022-01-14 01:30:17.487,Djinn Status,LPIV,139.0,SysPrm
2022-01-14 01:30:17.487,Djinn Status,IV,155.0,SysPrm
2022-01-14 01:19:20.025,Djinn Status,LPIV,140.0,SysPrm
2022-01-14 01:19:20.025,Djinn Status,IV,156.0,SysPrm
2022-01-15 12:37:23.934,Djinn Status,LPIV,136.0,SysPrm
2022-01-15 12:37:23.934,Djinn Status,IV,154.0,SysPrm
2022-01-15 12:38:31.420,Djinn Status,LPIV,136.0,SysPrm
2022-01-15 12:38:31.420,Djinn Status,IV,155.0,SysPrm
2022-01-15 12:30:14.893,Djinn Status,LPIV,139.0,SysPrm
2022-01-15 12:30:14.893,Djinn Status,IV,155.0,SysPrm
2022-01-15 12:28:08.787,Djinn Status,LPIV,138.0,SysPrm
2022-01-15 12:28:08.787,Djinn Status,IV,155.0,SysPrm
2022-01-15 12:13:55.106,Djinn Status,LPIV,140.0,SysPrm
2022-01-15 12:13:55.106,Djinn Status,IV,156.0,SysPrm
2022-01-15 12:21:32.962,Djinn Status,LPIV,138.0,SysPrm
2022-01-15 12:21:32.962,Djinn Status,IV,155.0,SysPrm
2022-01-15 12:13:12.145,Djinn Status,LPIV,139.0,SysPrm
2022-01-15 12:13:12.145,Djinn Status,IV,155.0,SysPrm
2022-01-15 11:51:25.327,Djinn Status,LPIV,140.0,SysPrm
2022-01-15 11:51:25.327,Djinn Status,IV,156.0,SysPrm
2022-01-15 11:07:36.507,Djinn Status,LPIV,139.0,SysPrm
2022-01-15 11:07:36.507,Djinn Status,IV,156.0,SysPrm
2022-01-15 10:43:57.171,Djinn Status,LPIV,142.0,SysPrm
2022-01-15 10:43:57.171,Djinn Status,IV,157.0,SysPrm
2022-01-15 11:01:14.874,Djinn Status,LPIV,139.0,SysPrm
2022-01-15 11:01:14.874,Djinn Status,IV,156.0,SysPrm
2022-01-15 10:53:15.764,Djinn Status,LPIV,140.0,SysPrm
2022-01-15 10:53:15.764,Djinn Status,IV,156.0,SysPrm
2022-01-15 10:45:37.306,Djinn Status,LPIV,143.0,SysPrm
2022-01-15 10:45:37.306,Djinn Status,IV,157.0,SysPrm
2022-01-15 10:45:07.275,Djinn Status,LPIV,142.0,SysPrm
2022-01-15 10:45:07.275,Djinn Status,IV,157.0,SysPrm
2022-01-15 10:44:24.532,Djinn Status,LPIV,143.0,SysPrm
2022-01-15 10:44:24.532,Djinn Status,IV,157.0,SysPrm
2022-01-15 10:46:29.993,Djinn Status,LPIV,142.0,SysPrm
2022-01-15 10:46:29.993,Djinn Status,IV,157.0,SysPrm
2022-01-15 10:45:52.153,Djinn Status,LPIV,142.0,SysPrm
2022-01-15 10:45:52.153,Djinn Status,IV,157.0,SysPrm
2022-01-15 10:40:10.122,Djinn Status,LPIV,138.0,SysPrm
2022-01-15 10:40:10.122,Djinn Status,IV,156.0,SysPrm
2022-01-15 09:32:31.625,Djinn Status,LPIV,138.0,SysPrm
2022-01-15 09:32:31.625,Djinn Status,IV,155.0,SysPrm
2022-01-15 09:22:51.777,Djinn Status,LPIV,139.0,SysPrm
2022-01-15 09:22:51.777,Djinn Status,IV,155.0,SysPrm
2022-01-15 09:31:59.149,Djinn Status,LPIV,138.0,SysPrm
2022-01-15 09:31:59.149,Djinn Status,IV,155.0,SysPrm
2022-01-15 09:26:37.019,Djinn Status,LPIV,138.0,SysPrm
2022-01-15 09:26:37.019,Djinn Status,IV,155.0,SysPrm
2022-01-15 09:16:48.610,Djinn Status,LPIV,137.0,SysPrm
2022-01-15 09:16:48.610,Djinn Status,IV,155.0,SysPrm
2022-01-15 09:16:08.018,Djinn Status,LPIV,137.0,SysPrm
2022-01-15 09:16:08.018,Djinn Status,IV,155.0,SysPrm
2022-01-15 09:13:26.340,Djinn Status,LPIV,139.0,SysPrm
2022-01-15 09:13:26.340,Djinn Status,IV,155.0,SysPrm
2022-01-15 09:17:14.751,Djinn Status,LPIV,137.0,SysPrm
2022-01-15 09:17:14.751,Djinn Status,IV,155.0,SysPrm
2022-01-15 09:06:20.129,Djinn Status,LPIV,139.0,SysPrm
2022-01-15 09:06:20.129,Djinn Status,IV,156.0,SysPrm
2022-01-15 09:14:22.568,Djinn Status,LPIV,140.0,SysPrm
2022-01-15 09:14:22.568,Djinn Status,IV,156.0,SysPrm
2022-01-15 08:58:17.096,Djinn Status,LPIV,141.0,SysPrm
2022-01-15 08:58:17.096,Djinn Status,IV,157.0,SysPrm
2022-01-15 08:58:11.023,Djinn Status,LPIV,154.0,SysPrm
2022-01-15 08:58:11.023,Djinn Status,IV,157.0,SysPrm
2022-01-15 08:54:03.049,Djinn Status,LPIV,140.0,SysPrm
2022-01-15 08:54:03.049,Djinn Status,IV,157.0,SysPrm
2022-01-15 08:57:39.178,Djinn Status,LPIV,140.0,SysPrm
2022-01-15 08:57:39.178,Djinn Status,IV,156.0,SysPrm
2022-01-15 08:47:51.606,Djinn Status,LPIV,140.0,SysPrm
2022-01-15 08:47:51.606,Djinn Status,IV,156.0,SysPrm
2022-01-15 07:22:53.493,Djinn Status,LPIV,139.0,SysPrm
2022-01-15 07:22:53.493,Djinn Status,IV,155.0,SysPrm
2022-01-15 07:20:53.346,Djinn Status,LPIV,139.0,SysPrm
2022-01-15 07:20:53.346,Djinn Status,IV,155.0,SysPrm
2022-01-15 07:27:07.260,Djinn Status,LPIV,139.0,SysPrm
2022-01-15 07:27:07.260,Djinn Status,IV,155.0,SysPrm
2022-01-15 07:16:37.913,Djinn Status,LPIV,139.0,SysPrm
2022-01-15 07:16:37.913,Djinn Status,IV,156.0,SysPrm
2022-01-15 07:16:33.729,Djinn Status,LPIV,146.0,SysPrm
2022-01-15 07:16:33.729,Djinn Status,IV,153.0,SysPrm
2022-01-15 07:12:10.244,Djinn Status,LPIV,139.0,SysPrm
2022-01-15 07:12:10.244,Djinn Status,IV,156.0,SysPrm
2022-01-15 07:12:05.804,Djinn Status,LPIV,152.0,SysPrm
2022-01-15 07:12:05.804,Djinn Status,IV,156.0,SysPrm
2022-01-15 07:12:00.697,Djinn Status,LPIV,152.0,SysPrm
2022-01-15 07:12:00.697,Djinn Status,IV,156.0,SysPrm
2022-01-15 07:08:01.611,Djinn Status,LPIV,139.0,SysPrm
2022-01-15 07:08:01.611,Djinn Status,IV,156.0,SysPrm
2022-01-15 07:11:10.857,Djinn Status,LPIV,139.0,SysPrm
2022-01-15 07:11:10.857,Djinn Status,IV,156.0,SysPrm
2022-01-15 07:05:01.185,Djinn Status,LPIV,139.0,SysPrm
2022-01-15 07:05:01.185,Djinn Status,IV,156.0,SysPrm
2022-01-15 06:51:42.071,Djinn Status,LPIV,137.0,SysPrm
2022-01-15 06:51:42.071,Djinn Status,IV,155.0,SysPrm
2022-01-15 07:00:52.618,Djinn Status,LPIV,139.0,SysPrm
2022-01-15 07:00:52.618,Djinn Status,IV,156.0,SysPrm
2022-01-15 06:56:18.566,Djinn Status,LPIV,139.0,SysPrm
2022-01-15 06:56:18.566,Djinn Status,IV,156.0,SysPrm
2022-01-15 06:47:32.280,Djinn Status,LPIV,140.0,SysPrm
2022-01-15 06:47:32.280,Djinn Status,IV,156.0,SysPrm
2022-01-15 06:42:53.555,Djinn Status,LPIV,140.0,SysPrm
2022-01-15 06:42:53.555,Djinn Status,IV,156.0,SysPrm
2022-01-15 06:41:30.121,Djinn Status,LPIV,140.0,SysPrm
2022-01-15 06:41:30.121,Djinn Status,IV,156.0,SysPrm
2022-01-15 06:40:52.232,Djinn Status,LPIV,146.0,SysPrm
2022-01-15 06:40:52.232,Djinn Status,IV,147.0,SysPrm
2022-01-15 06:33:43.359,Djinn Status,LPIV,140.0,SysPrm
2022-01-15 06:33:43.359,Djinn Status,IV,156.0,SysPrm
2022-01-15 06:37:50.232,Djinn Status,LPIV,140.0,SysPrm
2022-01-15 06:37:50.232,Djinn Status,IV,156.0,SysPrm
2022-01-14 23:40:52.067,Djinn Status,LPIV,148.0,SysPrm
2022-01-14 23:40:52.067,Djinn Status,IV,151.0,SysPrm
2022-01-14 23:40:48.991,Djinn Status,LPIV,148.0,SysPrm
2022-01-14 23:40:48.991,Djinn Status,IV,151.0,SysPrm
2022-01-14 23:40:30.446,Djinn Status,LPIV,133.0,SysPrm
2022-01-14 23:40:30.446,Djinn Status,IV,151.0,SysPrm
2022-01-14 23:40:55.108,Djinn Status,LPIV,134.0,SysPrm
2022-01-14 23:40:55.108,Djinn Status,IV,151.0,SysPrm
2022-01-14 23:12:49.312,Djinn Status,LPIV,135.0,SysPrm
2022-01-14 23:12:49.312,Djinn Status,IV,152.0,SysPrm
2022-01-14 23:09:17.591,Djinn Status,LPIV,135.0,SysPrm
2022-01-14 23:09:17.591,Djinn Status,IV,152.0,SysPrm
2022-01-14 23:13:37.902,Djinn Status,LPIV,135.0,SysPrm
2022-01-14 23:13:37.902,Djinn Status,IV,152.0,SysPrm
2022-01-14 23:08:50.126,Djinn Status,LPIV,134.0,SysPrm
2022-01-14 23:08:50.126,Djinn Status,IV,152.0,SysPrm
2022-01-14 23:06:04.508,Djinn Status,LPIV,132.0,SysPrm
2022-01-14 23:06:04.508,Djinn Status,IV,151.0,SysPrm
2022-01-14 23:03:02.074,Djinn Status,LPIV,132.0,SysPrm
2022-01-14 23:03:02.074,Djinn Status,IV,152.0,SysPrm
2022-01-14 23:01:18.928,Djinn Status,LPIV,132.0,SysPrm
2022-01-14 23:01:18.928,Djinn Status,IV,151.0,SysPrm
2022-01-16 20:37:17.729,Djinn Status,LPIV,139.0,SysPrm
2022-01-16 20:37:17.729,Djinn Status,IV,155.0,SysPrm
2022-01-16 20:36:50.690,Djinn Status,LPIV,136.0,SysPrm
2022-01-16 20:36:50.690,Djinn Status,IV,155.0,SysPrm
2022-01-16 20:33:40.951,Djinn Status,LPIV,136.0,SysPrm
2022-01-16 20:33:40.951,Djinn Status,IV,155.0,SysPrm
2022-01-16 20:30:22.183,Djinn Status,LPIV,136.0,SysPrm
2022-01-16 20:30:22.183,Djinn Status,IV,155.0,SysPrm
2022-01-16 20:29:28.644,Djinn Status,LPIV,139.0,SysPrm
2022-01-16 20:29:28.644,Djinn Status,IV,155.0,SysPrm
2022-01-16 20:28:56.172,Djinn Status,LPIV,139.0,SysPrm
2022-01-16 20:28:56.172,Djinn Status,IV,155.0,SysPrm
2022-01-16 20:25:33.914,Djinn Status,LPIV,139.0,SysPrm
2022-01-16 20:25:33.914,Djinn Status,IV,155.0,SysPrm
2022-01-16 20:24:43.739,Djinn Status,LPIV,136.0,SysPrm
2022-01-16 20:24:43.739,Djinn Status,IV,155.0,SysPrm
2022-01-16 20:32:43.251,Djinn Status,LPIV,136.0,SysPrm
2022-01-16 20:32:43.251,Djinn Status,IV,155.0,SysPrm
2022-01-16 20:31:42.395,Djinn Status,LPIV,136.0,SysPrm
2022-01-16 20:31:42.395,Djinn Status,IV,155.0,SysPrm
2022-01-16 20:21:49.846,Djinn Status,LPIV,137.0,SysPrm
2022-01-16 20:21:49.846,Djinn Status,IV,155.0,SysPrm
2022-01-16 20:18:39.785,Djinn Status,LPIV,139.0,SysPrm
2022-01-16 20:18:39.785,Djinn Status,IV,155.0,SysPrm
2022-01-16 20:16:24.442,Djinn Status,LPIV,140.0,SysPrm
2022-01-16 20:16:24.442,Djinn Status,IV,156.0,SysPrm
2022-01-16 20:15:09.377,Djinn Status,LPIV,139.0,SysPrm
2022-01-16 20:15:09.377,Djinn Status,IV,156.0,SysPrm
2022-01-16 20:20:54.153,Djinn Status,LPIV,137.0,SysPrm
2022-01-16 20:20:54.153,Djinn Status,IV,155.0,SysPrm
2022-01-16 20:20:06.067,Djinn Status,LPIV,137.0,SysPrm
2022-01-16 20:20:06.067,Djinn Status,IV,155.0,SysPrm
2022-01-16 18:59:37.181,Djinn Status,LPIV,138.0,SysPrm
2022-01-16 18:59:37.181,Djinn Status,IV,155.0,SysPrm
2022-01-16 18:55:38.192,Djinn Status,LPIV,139.0,SysPrm
2022-01-16 18:55:38.192,Djinn Status,IV,156.0,SysPrm
2022-01-16 18:55:14.700,Djinn Status,LPIV,138.0,SysPrm
2022-01-16 18:55:14.700,Djinn Status,IV,155.0,SysPrm
2022-01-16 06:57:30.192,Djinn Status,LPIV,139.0,SysPrm
2022-01-16 06:57:30.192,Djinn Status,IV,156.0,SysPrm
2022-01-16 06:53:31.242,Djinn Status,LPIV,139.0,SysPrm
2022-01-16 06:53:31.242,Djinn Status,IV,156.0,SysPrm
2022-01-16 06:53:13.001,Djinn Status,LPIV,139.0,SysPrm
2022-01-16 06:53:13.001,Djinn Status,IV,157.0,SysPrm
2022-01-16 06:50:16.095,Djinn Status,LPIV,139.0,SysPrm
2022-01-16 06:50:16.095,Djinn Status,IV,156.0,SysPrm
2022-01-16 06:47:56.824,Djinn Status,LPIV,139.0,SysPrm
2022-01-16 06:47:56.824,Djinn Status,IV,156.0,SysPrm
2022-01-16 06:45:45.151,Djinn Status,LPIV,139.0,SysPrm
2022-01-16 06:45:45.151,Djinn Status,IV,156.0,SysPrm
2022-01-16 05:47:53.933,Djinn Status,LPIV,138.0,SysPrm
2022-01-16 05:47:53.933,Djinn Status,IV,155.0,SysPrm
2022-01-16 05:45:36.615,Djinn Status,LPIV,137.0,SysPrm
2022-01-16 05:45:36.615,Djinn Status,IV,155.0,SysPrm
2022-01-16 05:35:09.798,Djinn Status,LPIV,138.0,SysPrm
2022-01-16 05:35:09.798,Djinn Status,IV,155.0,SysPrm
2022-01-16 05:33:04.970,Djinn Status,LPIV,138.0,SysPrm
2022-01-16 05:33:04.970,Djinn Status,IV,155.0,SysPrm
2022-01-16 05:42:14.371,Djinn Status,LPIV,137.0,SysPrm
2022-01-16 05:42:14.371,Djinn Status,IV,155.0,SysPrm
2022-01-16 05:30:33.449,Djinn Status,LPIV,138.0,SysPrm
2022-01-16 05:30:33.449,Djinn Status,IV,155.0,SysPrm
2022-01-16 05:28:30.092,Djinn Status,LPIV,139.0,SysPrm
2022-01-16 05:28:30.092,Djinn Status,IV,156.0,SysPrm
2022-01-16 05:26:02.247,Djinn Status,LPIV,138.0,SysPrm
2022-01-16 05:26:02.247,Djinn Status,IV,155.0,SysPrm
2022-01-16 05:19:46.336,Djinn Status,LPIV,138.0,SysPrm
2022-01-16 05:19:46.336,Djinn Status,IV,155.0,SysPrm
2022-01-16 05:13:03.878,Djinn Status,LPIV,138.0,SysPrm
2022-01-16 05:13:03.878,Djinn Status,IV,155.0,SysPrm
2022-01-16 05:22:53.717,Djinn Status,LPIV,138.0,SysPrm
2022-01-16 05:22:53.717,Djinn Status,IV,156.0,SysPrm
2022-01-16 05:21:57.760,Djinn Status,LPIV,138.0,SysPrm
2022-01-16 05:21:57.760,Djinn Status,IV,155.0,SysPrm
2022-01-16 05:12:44.074,Djinn Status,LPIV,138.0,SysPrm
2022-01-16 05:12:44.074,Djinn Status,IV,155.0,SysPrm
2022-01-16 05:09:27.160,Djinn Status,LPIV,138.0,SysPrm
2022-01-16 05:09:27.160,Djinn Status,IV,155.0,SysPrm
2022-01-16 07:00:40.630,Djinn Status,LPIV,139.0,SysPrm
2022-01-16 07:00:40.630,Djinn Status,IV,156.0,SysPrm
2022-01-17 21:24:01.465,Djinn Status,LPIV,140.0,SysPrm
2022-01-17 21:24:01.465,Djinn Status,IV,156.0,SysPrm
2022-01-17 21:20:33.480,Djinn Status,LPIV,140.0,SysPrm
2022-01-17 21:20:33.480,Djinn Status,IV,156.0,SysPrm
2022-01-17 21:18:30.858,Djinn Status,LPIV,140.0,SysPrm
2022-01-17 21:18:30.858,Djinn Status,IV,156.0,SysPrm
2022-01-17 21:15:19.763,Djinn Status,LPIV,141.0,SysPrm
2022-01-17 21:15:19.763,Djinn Status,IV,157.0,SysPrm
2022-01-17 21:11:19.225,Djinn Status,LPIV,141.0,SysPrm
2022-01-17 21:11:19.225,Djinn Status,IV,157.0,SysPrm
2022-01-17 21:10:52.567,Djinn Status,LPIV,142.0,SysPrm
2022-01-17 21:10:52.567,Djinn Status,IV,157.0,SysPrm
2022-01-17 21:09:36.803,Djinn Status,LPIV,141.0,SysPrm
2022-01-17 21:09:36.803,Djinn Status,IV,157.0,SysPrm
2022-01-17 21:09:15.645,Djinn Status,LPIV,142.0,SysPrm
2022-01-17 21:09:15.645,Djinn Status,IV,157.0,SysPrm
2022-01-17 21:06:26.756,Djinn Status,LPIV,141.0,SysPrm
2022-01-17 21:06:26.756,Djinn Status,IV,157.0,SysPrm
2022-01-17 21:10:14.638,Djinn Status,LPIV,141.0,SysPrm
2022-01-17 21:10:14.638,Djinn Status,IV,157.0,SysPrm
2022-01-17 21:06:53.311,Djinn Status,LPIV,141.0,SysPrm
2022-01-17 21:06:53.311,Djinn Status,IV,157.0,SysPrm
2022-01-17 20:26:51.377,Djinn Status,LPIV,141.0,SysPrm
2022-01-17 20:26:51.377,Djinn Status,IV,157.0,SysPrm
2022-01-17 20:26:12.484,Djinn Status,LPIV,140.0,SysPrm
2022-01-17 20:26:12.484,Djinn Status,IV,157.0,SysPrm
2022-01-17 20:25:12.361,Djinn Status,LPIV,141.0,SysPrm
2022-01-17 20:25:12.361,Djinn Status,IV,157.0,SysPrm
2022-01-17 20:21:38.599,Djinn Status,LPIV,138.0,SysPrm
2022-01-17 20:21:38.599,Djinn Status,IV,156.0,SysPrm
2022-01-17 20:20:20.792,Djinn Status,LPIV,138.0,SysPrm
2022-01-17 20:20:20.792,Djinn Status,IV,156.0,SysPrm
2022-01-17 20:29:18.884,Djinn Status,LPIV,140.0,SysPrm
2022-01-17 20:29:18.884,Djinn Status,IV,157.0,SysPrm
2022-01-17 20:28:45.232,Djinn Status,LPIV,138.0,SysPrm
2022-01-17 20:28:45.232,Djinn Status,IV,156.0,SysPrm
2022-01-17 20:22:46.653,Djinn Status,LPIV,138.0,SysPrm
2022-01-17 20:22:46.653,Djinn Status,IV,156.0,SysPrm
2022-01-17 20:24:28.782,Djinn Status,LPIV,138.0,SysPrm
2022-01-17 20:24:28.782,Djinn Status,IV,156.0,SysPrm
2022-01-17 20:19:00.491,Djinn Status,LPIV,138.0,SysPrm
2022-01-17 20:19:00.491,Djinn Status,IV,155.0,SysPrm
2022-01-17 18:47:29.227,Djinn Status,LPIV,141.0,SysPrm
2022-01-17 18:47:29.227,Djinn Status,IV,156.0,SysPrm
2022-01-17 18:48:30.747,Djinn Status,LPIV,141.0,SysPrm
2022-01-17 18:48:30.747,Djinn Status,IV,157.0,SysPrm
2022-01-17 18:47:57.322,Djinn Status,LPIV,141.0,SysPrm
2022-01-17 18:47:57.322,Djinn Status,IV,157.0,SysPrm
2022-01-17 18:37:41.089,Djinn Status,LPIV,140.0,SysPrm
2022-01-17 18:37:41.089,Djinn Status,IV,156.0,SysPrm
2022-01-17 18:40:19.761,Djinn Status,LPIV,140.0,SysPrm
2022-01-17 18:40:19.761,Djinn Status,IV,157.0,SysPrm
2022-01-17 19:37:45.211,Djinn Status,LPIV,140.0,SysPrm
2022-01-17 19:37:45.211,Djinn Status,IV,156.0,SysPrm
2022-01-17 14:31:41.389,Djinn Status,LPIV,132.0,SysPrm
2022-01-17 14:31:41.389,Djinn Status,IV,150.0,SysPrm
2022-01-17 14:42:35.415,Djinn Status,LPIV,132.0,SysPrm
2022-01-17 14:42:35.415,Djinn Status,IV,150.0,SysPrm
2022-01-17 14:18:33.223,Djinn Status,LPIV,133.0,SysPrm
2022-01-17 14:18:33.223,Djinn Status,IV,151.0,SysPrm
2022-01-17 14:11:04.516,Djinn Status,LPIV,130.0,SysPrm
2022-01-17 14:11:04.516,Djinn Status,IV,150.0,SysPrm
2022-01-17 14:10:09.293,Djinn Status,LPIV,130.0,SysPrm
2022-01-17 14:10:09.293,Djinn Status,IV,150.0,SysPrm
2022-01-17 14:05:30.594,Djinn Status,LPIV,130.0,SysPrm
2022-01-17 14:05:30.594,Djinn Status,IV,150.0,SysPrm
2022-01-17 13:49:29.305,Djinn Status,LPIV,133.0,SysPrm
2022-01-17 13:49:29.305,Djinn Status,IV,151.0,SysPrm
2022-01-17 13:57:21.034,Djinn Status,LPIV,133.0,SysPrm
2022-01-17 13:57:21.034,Djinn Status,IV,151.0,SysPrm
2022-01-17 13:45:58.966,Djinn Status,LPIV,131.0,SysPrm
2022-01-17 13:45:58.966,Djinn Status,IV,150.0,SysPrm
2022-01-17 13:51:57.604,Djinn Status,LPIV,133.0,SysPrm
2022-01-17 13:51:57.604,Djinn Status,IV,151.0,SysPrm
2022-01-17 13:35:26.999,Djinn Status,LPIV,134.0,SysPrm
2022-01-17 13:35:26.999,Djinn Status,IV,152.0,SysPrm
2022-01-17 13:36:39.730,Djinn Status,LPIV,134.0,SysPrm
2022-01-17 13:36:39.730,Djinn Status,IV,152.0,SysPrm
2022-01-17 13:32:43.404,Djinn Status,LPIV,133.0,SysPrm
2022-01-17 13:32:43.404,Djinn Status,IV,152.0,SysPrm
2022-01-17 13:24:16.970,Djinn Status,LPIV,134.0,SysPrm
2022-01-17 13:24:16.970,Djinn Status,IV,152.0,SysPrm
2022-01-17 13:20:37.578,Djinn Status,LPIV,134.0,SysPrm
2022-01-17 13:20:37.578,Djinn Status,IV,152.0,SysPrm
2022-01-17 13:16:03.506,Djinn Status,LPIV,135.0,SysPrm
2022-01-17 13:16:03.506,Djinn Status,IV,153.0,SysPrm
2022-01-17 12:59:19.648,Djinn Status,LPIV,135.0,SysPrm
2022-01-17 12:59:19.648,Djinn Status,IV,153.0,SysPrm
2022-01-17 13:07:11.600,Djinn Status,LPIV,134.0,SysPrm
2022-01-17 13:07:11.600,Djinn Status,IV,152.0,SysPrm
2022-01-17 12:52:31.029,Djinn Status,LPIV,139.0,SysPrm
2022-01-17 12:52:31.029,Djinn Status,IV,155.0,SysPrm
2022-01-17 13:03:04.987,Djinn Status,LPIV,135.0,SysPrm
2022-01-17 13:03:04.987,Djinn Status,IV,152.0,SysPrm
2022-01-17 12:51:16.698,Djinn Status,LPIV,139.0,SysPrm
2022-01-17 12:51:16.698,Djinn Status,IV,155.0,SysPrm
2022-01-17 12:47:30.940,Djinn Status,LPIV,138.0,SysPrm
2022-01-17 12:47:30.940,Djinn Status,IV,156.0,SysPrm
2022-01-17 12:29:26.067,Djinn Status,LPIV,135.0,SysPrm
2022-01-17 12:29:26.067,Djinn Status,IV,153.0,SysPrm
2022-01-17 12:11:56.374,Djinn Status,LPIV,133.0,SysPrm
2022-01-17 12:11:56.374,Djinn Status,IV,153.0,SysPrm
2022-01-17 12:18:18.361,Djinn Status,LPIV,133.0,SysPrm
2022-01-17 12:18:18.361,Djinn Status,IV,153.0,SysPrm
2022-01-17 12:15:00.627,Djinn Status,LPIV,133.0,SysPrm
2022-01-17 12:15:00.627,Djinn Status,IV,153.0,SysPrm
2022-01-17 12:16:43.883,Djinn Status,LPIV,133.0,SysPrm
2022-01-17 12:16:43.883,Djinn Status,IV,153.0,SysPrm
2022-01-17 11:38:07.076,Djinn Status,LPIV,137.0,SysPrm
2022-01-17 11:38:07.076,Djinn Status,IV,154.0,SysPrm
2022-01-17 11:48:14.796,Djinn Status,LPIV,141.0,SysPrm
2022-01-17 11:48:14.796,Djinn Status,IV,154.0,SysPrm
2022-01-17 11:28:28.515,Djinn Status,LPIV,138.0,SysPrm
2022-01-17 11:28:28.515,Djinn Status,IV,155.0,SysPrm
2022-01-17 11:27:31.699,Djinn Status,LPIV,138.0,SysPrm
2022-01-17 11:27:31.699,Djinn Status,IV,155.0,SysPrm
2022-01-17 11:25:05.098,Djinn Status,LPIV,138.0,SysPrm
2022-01-17 11:25:05.098,Djinn Status,IV,155.0,SysPrm
2022-01-17 11:21:15.302,Djinn Status,LPIV,136.0,SysPrm
2022-01-17 11:21:15.302,Djinn Status,IV,155.0,SysPrm
2022-01-17 10:52:39.882,Djinn Status,LPIV,138.0,SysPrm
2022-01-17 10:52:39.882,Djinn Status,IV,156.0,SysPrm
2022-01-17 10:58:42.958,Djinn Status,LPIV,135.0,SysPrm
2022-01-17 10:58:42.958,Djinn Status,IV,155.0,SysPrm
2022-01-17 10:58:14.937,Djinn Status,LPIV,136.0,SysPrm
2022-01-17 10:58:14.937,Djinn Status,IV,155.0,SysPrm
2022-01-17 10:41:35.950,Djinn Status,LPIV,139.0,SysPrm
2022-01-17 10:36:50.567,Djinn Status,LPIV,139.0,SysPrm
2022-01-17 10:36:50.567,Djinn Status,IV,156.0,SysPrm
2022-01-17 10:41:35.950,Djinn Status,IV,156.0,SysPrm
2022-01-17 10:27:00.538,Djinn Status,LPIV,140.0,SysPrm
2022-01-17 10:27:00.538,Djinn Status,IV,157.0,SysPrm
2022-01-17 09:50:24.086,Djinn Status,LPIV,138.0,SysPrm
2022-01-17 09:50:24.086,Djinn Status,IV,154.0,SysPrm
2022-01-17 09:49:48.208,Djinn Status,LPIV,139.0,SysPrm
2022-01-17 09:49:48.208,Djinn Status,IV,154.0,SysPrm
2022-01-17 09:49:29.496,Djinn Status,LPIV,139.0,SysPrm
2022-01-17 09:49:29.496,Djinn Status,IV,154.0,SysPrm
2022-01-17 09:48:59.998,Djinn Status,LPIV,138.0,SysPrm
2022-01-17 09:48:59.998,Djinn Status,IV,154.0,SysPrm
2022-01-17 09:38:12.198,Djinn Status,LPIV,137.0,SysPrm
2022-01-17 09:38:12.198,Djinn Status,IV,154.0,SysPrm
2022-01-17 09:31:08.191,Djinn Status,LPIV,137.0,SysPrm
2022-01-17 09:31:08.191,Djinn Status,IV,154.0,SysPrm
2022-01-17 09:23:34.930,Djinn Status,LPIV,138.0,SysPrm
2022-01-17 09:23:34.930,Djinn Status,IV,155.0,SysPrm
2022-01-17 09:23:04.181,Djinn Status,LPIV,137.0,SysPrm
2022-01-17 09:23:04.181,Djinn Status,IV,154.0,SysPrm
2022-01-17 09:14:19.313,Djinn Status,LPIV,137.0,SysPrm
2022-01-17 09:14:19.313,Djinn Status,IV,155.0,SysPrm
2022-01-17 08:52:28.516,Djinn Status,LPIV,138.0,SysPrm
2022-01-17 08:52:28.516,Djinn Status,IV,155.0,SysPrm
2022-01-17 08:52:44.533,Djinn Status,LPIV,139.0,SysPrm
2022-01-17 08:52:44.533,Djinn Status,IV,156.0,SysPrm
2022-01-17 08:40:02.148,Djinn Status,LPIV,139.0,SysPrm
2022-01-17 08:40:02.148,Djinn Status,IV,156.0,SysPrm
2022-01-17 08:46:57.150,Djinn Status,LPIV,138.0,SysPrm
2022-01-17 08:46:57.150,Djinn Status,IV,155.0,SysPrm
2022-01-17 08:42:56.114,Djinn Status,LPIV,139.0,SysPrm
2022-01-17 08:42:56.114,Djinn Status,IV,156.0,SysPrm
2022-01-17 08:36:56.475,Djinn Status,LPIV,139.0,SysPrm
2022-01-17 08:36:56.475,Djinn Status,IV,156.0,SysPrm
2022-01-17 08:22:21.572,Djinn Status,LPIV,139.0,SysPrm
2022-01-17 08:22:21.572,Djinn Status,IV,156.0,SysPrm
2022-01-17 08:21:55.271,Djinn Status,LPIV,139.0,SysPrm
2022-01-17 08:21:55.271,Djinn Status,IV,156.0,SysPrm
2022-01-17 08:29:29.738,Djinn Status,LPIV,139.0,SysPrm
2022-01-17 08:29:29.738,Djinn Status,IV,156.0,SysPrm
2022-01-17 08:11:44.735,Djinn Status,LPIV,139.0,SysPrm
2022-01-17 08:11:44.735,Djinn Status,IV,157.0,SysPrm
2022-01-17 08:14:07.725,Djinn Status,LPIV,140.0,SysPrm
2022-01-17 08:14:07.725,Djinn Status,IV,157.0,SysPrm
2022-01-17 08:06:18.466,Djinn Status,LPIV,140.0,SysPrm
2022-01-17 08:06:18.466,Djinn Status,IV,157.0,SysPrm
2022-01-17 07:56:49.065,Djinn Status,LPIV,140.0,SysPrm
2022-01-17 07:56:49.065,Djinn Status,IV,157.0,SysPrm
2022-01-17 07:59:19.604,Djinn Status,LPIV,140.0,SysPrm
2022-01-17 07:59:19.604,Djinn Status,IV,157.0,SysPrm
2022-01-17 08:01:45.324,Djinn Status,LPIV,140.0,SysPrm
2022-01-17 08:01:45.324,Djinn Status,IV,157.0,SysPrm
2022-01-17 07:53:58.456,Djinn Status,LPIV,140.0,SysPrm
2022-01-17 07:53:58.456,Djinn Status,IV,157.0,SysPrm
2022-01-17 05:59:55.981,Djinn Status,LPIV,134.0,SysPrm
2022-01-17 05:59:55.981,Djinn Status,IV,151.0,SysPrm
2022-01-17 05:57:21.693,Djinn Status,LPIV,133.0,SysPrm
2022-01-17 05:57:21.693,Djinn Status,IV,151.0,SysPrm
2022-01-17 05:45:14.319,Djinn Status,LPIV,134.0,SysPrm
2022-01-17 05:45:14.319,Djinn Status,IV,151.0,SysPrm
2022-01-17 05:41:39.011,Djinn Status,LPIV,134.0,SysPrm
2022-01-17 05:41:39.011,Djinn Status,IV,152.0,SysPrm
2022-01-17 05:49:13.652,Djinn Status,LPIV,134.0,SysPrm
2022-01-17 05:49:13.652,Djinn Status,IV,152.0,SysPrm
2022-01-17 05:39:06.029,Djinn Status,LPIV,134.0,SysPrm
2022-01-17 05:39:06.029,Djinn Status,IV,151.0,SysPrm
2022-01-17 05:34:27.858,Djinn Status,LPIV,134.0,SysPrm
2022-01-17 05:34:27.858,Djinn Status,IV,152.0,SysPrm
2022-01-17 05:27:46.902,Djinn Status,LPIV,134.0,SysPrm
2022-01-17 05:27:46.902,Djinn Status,IV,152.0,SysPrm
2022-01-17 05:49:52.718,Djinn Status,LPIV,134.0,SysPrm
2022-01-17 05:49:52.718,Djinn Status,IV,151.0,SysPrm
2022-01-17 05:19:01.198,Djinn Status,LPIV,134.0,SysPrm
2022-01-17 05:19:01.198,Djinn Status,IV,152.0,SysPrm
2022-01-17 05:16:00.247,Djinn Status,LPIV,135.0,SysPrm
2022-01-17 05:16:00.247,Djinn Status,IV,152.0,SysPrm
2022-01-17 05:22:43.049,Djinn Status,LPIV,135.0,SysPrm
2022-01-17 05:22:43.049,Djinn Status,IV,152.0,SysPrm
2022-01-17 05:12:32.589,Djinn Status,LPIV,135.0,SysPrm
2022-01-17 05:12:32.589,Djinn Status,IV,152.0,SysPrm
2022-01-17 05:24:04.004,Djinn Status,LPIV,135.0,SysPrm
2022-01-17 05:24:04.004,Djinn Status,IV,152.0,SysPrm
2022-01-17 05:09:16.388,Djinn Status,LPIV,135.0,SysPrm
2022-01-17 05:09:16.388,Djinn Status,IV,152.0,SysPrm
2022-01-17 06:22:38.305,Djinn Status,LPIV,133.0,SysPrm
2022-01-17 06:22:38.305,Djinn Status,IV,151.0,SysPrm
2022-01-17 06:17:22.974,Djinn Status,LPIV,133.0,SysPrm
2022-01-17 06:17:22.974,Djinn Status,IV,151.0,SysPrm
2022-01-17 06:12:20.272,Djinn Status,LPIV,133.0,SysPrm
2022-01-17 06:12:20.272,Djinn Status,IV,151.0,SysPrm
2022-01-17 06:19:41.008,Djinn Status,LPIV,133.0,SysPrm
2022-01-17 06:19:41.008,Djinn Status,IV,151.0,SysPrm
2022-01-17 06:02:55.687,Djinn Status,LPIV,133.0,SysPrm
2022-01-17 06:02:55.687,Djinn Status,IV,151.0,SysPrm
2022-01-17 06:09:30.351,Djinn Status,LPIV,133.0,SysPrm
2022-01-17 06:09:30.351,Djinn Status,IV,151.0,SysPrm
2022-01-17 06:06:20.122,Djinn Status,LPIV,133.0,SysPrm
2022-01-17 06:06:20.122,Djinn Status,IV,151.0,SysPrm
2022-01-16 23:51:01.483,Djinn Status,LPIV,140.0,SysPrm
2022-01-16 23:51:01.483,Djinn Status,IV,156.0,SysPrm
2022-01-16 23:43:58.211,Djinn Status,LPIV,141.0,SysPrm
2022-01-16 23:43:58.211,Djinn Status,IV,157.0,SysPrm
2022-01-16 23:43:53.200,Djinn Status,LPIV,145.0,SysPrm
2022-01-16 23:43:53.200,Djinn Status,IV,156.0,SysPrm
2022-01-16 23:46:17.811,Djinn Status,LPIV,140.0,SysPrm
2022-01-16 23:46:17.811,Djinn Status,IV,156.0,SysPrm
2022-01-16 23:10:12.422,Djinn Status,LPIV,140.0,SysPrm
2022-01-16 23:10:12.422,Djinn Status,IV,156.0,SysPrm
2022-01-16 23:06:26.169,Djinn Status,LPIV,141.0,SysPrm
2022-01-16 23:06:26.169,Djinn Status,IV,157.0,SysPrm
2022-01-16 23:16:06.081,Djinn Status,LPIV,140.0,SysPrm
2022-01-16 23:16:06.081,Djinn Status,IV,156.0,SysPrm
2022-01-16 23:04:37.161,Djinn Status,LPIV,145.0,SysPrm
2022-01-16 23:04:37.161,Djinn Status,IV,156.0,SysPrm
2022-01-16 23:04:45.401,Djinn Status,LPIV,141.0,SysPrm
2022-01-16 23:04:45.401,Djinn Status,IV,156.0,SysPrm
2022-01-18 20:49:00.138,Djinn Status,LPIV,139.0,SysPrm
2022-01-18 20:49:00.138,Djinn Status,IV,155.0,SysPrm
2022-01-18 20:52:01.151,Djinn Status,LPIV,140.0,SysPrm
2022-01-18 20:52:01.151,Djinn Status,IV,155.0,SysPrm
2022-01-18 20:51:38.770,Djinn Status,LPIV,140.0,SysPrm
2022-01-18 20:51:38.770,Djinn Status,IV,155.0,SysPrm
2022-01-18 20:45:38.457,Djinn Status,LPIV,138.0,SysPrm
2022-01-18 20:45:38.457,Djinn Status,IV,155.0,SysPrm
2022-01-18 20:13:26.738,Djinn Status,LPIV,139.0,SysPrm
2022-01-18 20:13:26.738,Djinn Status,IV,155.0,SysPrm
2022-01-18 18:41:05.741,Djinn Status,LPIV,140.0,SysPrm
2022-01-18 18:41:05.741,Djinn Status,IV,157.0,SysPrm
2022-01-18 18:40:39.598,Djinn Status,LPIV,140.0,SysPrm
2022-01-18 18:40:39.598,Djinn Status,IV,157.0,SysPrm
2022-01-18 18:40:23.087,Djinn Status,LPIV,140.0,SysPrm
2022-01-18 18:40:23.087,Djinn Status,IV,156.0,SysPrm
2022-01-18 18:43:24.980,Djinn Status,LPIV,141.0,SysPrm
2022-01-18 18:43:24.980,Djinn Status,IV,156.0,SysPrm
2022-01-18 18:42:27.985,Djinn Status,LPIV,141.0,SysPrm
2022-01-18 18:42:27.985,Djinn Status,IV,156.0,SysPrm
2022-01-18 17:48:40.498,Djinn Status,LPIV,140.0,SysPrm
2022-01-18 17:48:40.498,Djinn Status,IV,156.0,SysPrm
2022-01-18 17:51:23.360,Djinn Status,LPIV,141.0,SysPrm
2022-01-18 17:51:23.360,Djinn Status,IV,156.0,SysPrm
2022-01-18 17:50:19.223,Djinn Status,LPIV,140.0,SysPrm
2022-01-18 17:50:19.223,Djinn Status,IV,156.0,SysPrm
2022-01-18 17:49:19.313,Djinn Status,LPIV,141.0,SysPrm
2022-01-18 17:49:19.313,Djinn Status,IV,156.0,SysPrm
2022-01-18 17:38:46.176,Djinn Status,LPIV,139.0,SysPrm
2022-01-18 17:38:46.176,Djinn Status,IV,156.0,SysPrm
2022-01-18 17:34:35.102,Djinn Status,LPIV,139.0,SysPrm
2022-01-18 17:34:35.102,Djinn Status,IV,156.0,SysPrm
2022-01-18 16:38:28.212,Djinn Status,LPIV,141.0,SysPrm
2022-01-18 16:38:28.212,Djinn Status,IV,157.0,SysPrm
2022-01-18 16:37:52.587,Djinn Status,LPIV,141.0,SysPrm
2022-01-18 16:37:52.587,Djinn Status,IV,157.0,SysPrm
2022-01-18 16:37:18.878,Djinn Status,LPIV,140.0,SysPrm
2022-01-18 16:37:18.878,Djinn Status,IV,157.0,SysPrm
2022-01-18 16:39:33.185,Djinn Status,LPIV,141.0,SysPrm
2022-01-18 16:39:33.185,Djinn Status,IV,157.0,SysPrm
2022-01-18 16:39:06.083,Djinn Status,LPIV,141.0,SysPrm
2022-01-18 16:39:06.083,Djinn Status,IV,157.0,SysPrm
2022-01-18 15:59:13.365,Djinn Status,LPIV,138.0,SysPrm
2022-01-18 15:59:13.365,Djinn Status,IV,155.0,SysPrm
2022-01-18 15:57:23.912,Djinn Status,LPIV,138.0,SysPrm
2022-01-18 15:57:23.912,Djinn Status,IV,154.0,SysPrm
2022-01-18 15:56:56.301,Djinn Status,LPIV,137.0,SysPrm
2022-01-18 15:56:56.301,Djinn Status,IV,154.0,SysPrm
2022-01-18 15:54:23.318,Djinn Status,LPIV,137.0,SysPrm
2022-01-18 15:54:23.318,Djinn Status,IV,154.0,SysPrm
2022-01-18 15:18:07.071,Djinn Status,LPIV,139.0,SysPrm
2022-01-18 15:18:07.071,Djinn Status,IV,156.0,SysPrm
2022-01-18 15:18:29.979,Djinn Status,LPIV,140.0,SysPrm
2022-01-18 15:18:29.979,Djinn Status,IV,157.0,SysPrm
2022-01-18 15:12:01.551,Djinn Status,LPIV,142.0,SysPrm
2022-01-18 15:12:01.551,Djinn Status,IV,157.0,SysPrm
2022-01-18 15:11:38.070,Djinn Status,LPIV,142.0,SysPrm
2022-01-18 15:11:38.070,Djinn Status,IV,157.0,SysPrm
2022-01-18 15:12:36.770,Djinn Status,LPIV,141.0,SysPrm
2022-01-18 15:12:36.770,Djinn Status,IV,157.0,SysPrm
2022-01-18 15:07:15.983,Djinn Status,LPIV,139.0,SysPrm
2022-01-18 15:07:15.983,Djinn Status,IV,156.0,SysPrm
2022-01-18 13:58:30.439,Djinn Status,LPIV,138.0,SysPrm
2022-01-18 13:58:30.439,Djinn Status,IV,155.0,SysPrm
2022-01-18 15:10:21.417,Djinn Status,LPIV,142.0,SysPrm
2022-01-18 15:10:21.417,Djinn Status,IV,157.0,SysPrm
2022-01-18 15:09:46.278,Djinn Status,LPIV,142.0,SysPrm
2022-01-18 15:09:46.278,Djinn Status,IV,157.0,SysPrm
2022-01-18 13:57:26.891,Djinn Status,LPIV,136.0,SysPrm
2022-01-18 13:57:26.891,Djinn Status,IV,155.0,SysPrm
2022-01-18 13:57:16.458,Djinn Status,LPIV,147.0,SysPrm
2022-01-18 13:57:16.458,Djinn Status,IV,152.0,SysPrm
2022-01-18 13:59:29.127,Djinn Status,LPIV,135.0,SysPrm
2022-01-18 13:59:29.127,Djinn Status,IV,154.0,SysPrm
2022-01-18 13:53:19.728,Djinn Status,LPIV,138.0,SysPrm
2022-01-18 13:53:19.728,Djinn Status,IV,155.0,SysPrm
2022-01-18 13:52:55.810,Djinn Status,LPIV,138.0,SysPrm
2022-01-18 13:52:55.810,Djinn Status,IV,155.0,SysPrm
2022-01-18 15:10:54.342,Djinn Status,LPIV,141.0,SysPrm
2022-01-18 15:10:54.342,Djinn Status,IV,157.0,SysPrm
2022-01-18 13:53:45.300,Djinn Status,LPIV,138.0,SysPrm
2022-01-18 13:53:45.300,Djinn Status,IV,155.0,SysPrm
2022-01-18 13:49:16.601,Djinn Status,LPIV,138.0,SysPrm
2022-01-18 13:49:16.601,Djinn Status,IV,155.0,SysPrm
2022-01-18 13:41:02.895,Djinn Status,LPIV,141.0,SysPrm
2022-01-18 13:41:02.895,Djinn Status,IV,156.0,SysPrm
2022-01-18 13:47:10.822,Djinn Status,LPIV,138.0,SysPrm
2022-01-18 13:47:10.822,Djinn Status,IV,155.0,SysPrm
2022-01-18 13:36:03.388,Djinn Status,LPIV,140.0,SysPrm
2022-01-18 13:36:03.388,Djinn Status,IV,157.0,SysPrm
2022-01-18 13:43:39.757,Djinn Status,LPIV,140.0,SysPrm
2022-01-18 13:43:39.757,Djinn Status,IV,156.0,SysPrm
2022-01-18 13:43:19.008,Djinn Status,LPIV,140.0,SysPrm
2022-01-18 13:43:19.008,Djinn Status,IV,156.0,SysPrm
2022-01-18 13:37:12.086,Djinn Status,LPIV,140.0,SysPrm
2022-01-18 13:37:12.086,Djinn Status,IV,157.0,SysPrm
2022-01-18 13:16:31.882,Djinn Status,LPIV,138.0,SysPrm
2022-01-18 13:16:31.882,Djinn Status,IV,156.0,SysPrm
2022-01-18 13:08:48.087,Djinn Status,LPIV,140.0,SysPrm
2022-01-18 13:08:48.087,Djinn Status,IV,156.0,SysPrm
2022-01-18 13:07:51.837,Djinn Status,LPIV,139.0,SysPrm
2022-01-18 13:07:51.837,Djinn Status,IV,156.0,SysPrm
2022-01-18 13:13:46.350,Djinn Status,LPIV,139.0,SysPrm
2022-01-18 13:13:46.350,Djinn Status,IV,156.0,SysPrm
2022-01-18 13:13:11.904,Djinn Status,LPIV,138.0,SysPrm
2022-01-18 13:13:11.904,Djinn Status,IV,155.0,SysPrm
2022-01-18 13:02:16.229,Djinn Status,LPIV,138.0,SysPrm
2022-01-18 13:02:16.229,Djinn Status,IV,155.0,SysPrm
2022-01-18 10:24:18.860,Djinn Status,LPIV,139.0,SysPrm
2022-01-18 10:24:18.860,Djinn Status,IV,156.0,SysPrm
2022-01-18 10:22:14.219,Djinn Status,LPIV,139.0,SysPrm
2022-01-18 10:22:14.219,Djinn Status,IV,156.0,SysPrm
2022-01-18 10:19:39.191,Djinn Status,LPIV,139.0,SysPrm
2022-01-18 10:19:39.191,Djinn Status,IV,156.0,SysPrm
2022-01-18 09:43:07.997,Djinn Status,LPIV,140.0,SysPrm
2022-01-18 09:42:24.017,Djinn Status,LPIV,140.0,SysPrm
2022-01-18 09:42:24.017,Djinn Status,IV,157.0,SysPrm
2022-01-18 09:43:07.997,Djinn Status,IV,157.0,SysPrm
2022-01-18 09:42:40.178,Djinn Status,LPIV,140.0,SysPrm
2022-01-18 09:42:40.178,Djinn Status,IV,157.0,SysPrm
2022-01-18 09:24:07.208,Djinn Status,LPIV,138.0,SysPrm
2022-01-18 09:24:07.208,Djinn Status,IV,155.0,SysPrm
2022-01-18 09:18:43.943,Djinn Status,LPIV,139.0,SysPrm
2022-01-18 09:18:43.943,Djinn Status,IV,156.0,SysPrm
2022-01-18 09:17:15.864,Djinn Status,LPIV,139.0,SysPrm
2022-01-18 09:17:15.864,Djinn Status,IV,156.0,SysPrm
2022-01-18 09:19:38.474,Djinn Status,LPIV,139.0,SysPrm
2022-01-18 09:19:38.474,Djinn Status,IV,156.0,SysPrm
2022-01-18 09:14:25.115,Djinn Status,LPIV,139.0,SysPrm
2022-01-18 09:14:25.115,Djinn Status,IV,156.0,SysPrm
2022-01-18 09:12:47.971,Djinn Status,LPIV,139.0,SysPrm
2022-01-18 09:12:47.971,Djinn Status,IV,156.0,SysPrm
2022-01-18 09:09:00.746,Djinn Status,LPIV,139.0,SysPrm
2022-01-18 09:09:00.746,Djinn Status,IV,156.0,SysPrm
2022-01-18 09:05:03.273,Djinn Status,LPIV,140.0,SysPrm
2022-01-18 09:05:03.273,Djinn Status,IV,157.0,SysPrm
2022-01-18 09:03:50.172,Djinn Status,LPIV,141.0,SysPrm
2022-01-18 09:03:50.172,Djinn Status,IV,157.0,SysPrm
2022-01-18 09:03:28.984,Djinn Status,LPIV,141.0,SysPrm
2022-01-18 09:03:28.984,Djinn Status,IV,158.0,SysPrm
2022-01-18 09:03:07.024,Djinn Status,LPIV,140.0,SysPrm
2022-01-18 09:03:07.024,Djinn Status,IV,157.0,SysPrm
2022-01-18 08:28:59.610,Djinn Status,LPIV,140.0,SysPrm
2022-01-18 08:28:59.610,Djinn Status,IV,158.0,SysPrm
2022-01-18 08:35:01.226,Djinn Status,LPIV,140.0,SysPrm
2022-01-18 08:35:01.226,Djinn Status,IV,157.0,SysPrm
2022-01-18 08:34:37.553,Djinn Status,LPIV,139.0,SysPrm
2022-01-18 08:34:37.553,Djinn Status,IV,157.0,SysPrm
2022-01-18 08:13:48.317,Djinn Status,LPIV,135.0,SysPrm
2022-01-18 08:13:48.317,Djinn Status,IV,154.0,SysPrm
2022-01-18 08:11:30.896,Djinn Status,LPIV,135.0,SysPrm
2022-01-18 08:11:30.896,Djinn Status,IV,154.0,SysPrm
2022-01-18 08:10:47.894,Djinn Status,LPIV,137.0,SysPrm
2022-01-18 08:10:47.894,Djinn Status,IV,155.0,SysPrm
2022-01-18 08:12:43.520,Djinn Status,LPIV,136.0,SysPrm
2022-01-18 08:12:43.520,Djinn Status,IV,154.0,SysPrm
2022-01-18 08:12:39.821,Djinn Status,LPIV,150.0,SysPrm
2022-01-18 08:12:39.821,Djinn Status,IV,155.0,SysPrm
2022-01-18 07:56:28.298,Djinn Status,LPIV,138.0,SysPrm
2022-01-18 07:56:28.298,Djinn Status,IV,155.0,SysPrm
2022-01-18 07:52:52.903,Djinn Status,LPIV,138.0,SysPrm
2022-01-18 07:52:52.903,Djinn Status,IV,156.0,SysPrm
2022-01-18 07:03:52.738,Djinn Status,LPIV,138.0,SysPrm
2022-01-18 07:03:52.738,Djinn Status,IV,155.0,SysPrm
2022-01-18 06:55:45.848,Djinn Status,LPIV,138.0,SysPrm
2022-01-18 06:55:45.848,Djinn Status,IV,155.0,SysPrm
2022-01-18 07:06:21.369,Djinn Status,LPIV,137.0,SysPrm
2022-01-18 07:06:21.369,Djinn Status,IV,154.0,SysPrm
2022-01-18 06:49:40.215,Djinn Status,LPIV,138.0,SysPrm
2022-01-18 06:49:40.215,Djinn Status,IV,155.0,SysPrm
2022-01-18 07:01:19.260,Djinn Status,LPIV,138.0,SysPrm
2022-01-18 07:01:19.260,Djinn Status,IV,154.0,SysPrm
2022-01-18 06:57:24.927,Djinn Status,LPIV,138.0,SysPrm
2022-01-18 06:57:24.927,Djinn Status,IV,155.0,SysPrm
2022-01-18 07:08:17.506,Djinn Status,LPIV,138.0,SysPrm
2022-01-18 07:08:17.506,Djinn Status,IV,155.0,SysPrm
2022-01-18 06:51:41.218,Djinn Status,LPIV,139.0,SysPrm
2022-01-18 06:51:41.218,Djinn Status,IV,155.0,SysPrm
2022-01-18 06:46:03.662,Djinn Status,LPIV,139.0,SysPrm
2022-01-18 06:46:03.662,Djinn Status,IV,155.0,SysPrm
2022-01-18 06:31:16.386,Djinn Status,LPIV,139.0,SysPrm
2022-01-18 06:31:16.386,Djinn Status,IV,156.0,SysPrm
2022-01-18 06:40:10.137,Djinn Status,LPIV,139.0,SysPrm
2022-01-18 06:40:10.137,Djinn Status,IV,156.0,SysPrm
2022-01-18 06:38:41.101,Djinn Status,LPIV,138.0,SysPrm
2022-01-18 06:38:41.101,Djinn Status,IV,155.0,SysPrm
2022-01-18 06:42:50.479,Djinn Status,LPIV,139.0,SysPrm
2022-01-18 06:42:50.479,Djinn Status,IV,155.0,SysPrm
2022-01-18 06:22:43.529,Djinn Status,LPIV,139.0,SysPrm
2022-01-18 06:22:43.529,Djinn Status,IV,156.0,SysPrm
2022-01-18 06:28:03.845,Djinn Status,LPIV,139.0,SysPrm
2022-01-18 06:28:03.845,Djinn Status,IV,156.0,SysPrm
2022-01-18 06:23:55.981,Djinn Status,LPIV,140.0,SysPrm
2022-01-18 06:23:55.981,Djinn Status,IV,156.0,SysPrm
2022-01-18 06:18:41.932,Djinn Status,LPIV,139.0,SysPrm
2022-01-18 06:18:41.932,Djinn Status,IV,156.0,SysPrm
2022-01-18 06:15:18.407,Djinn Status,LPIV,139.0,SysPrm
2022-01-18 06:15:18.407,Djinn Status,IV,156.0,SysPrm
2022-01-18 06:05:01.637,Djinn Status,LPIV,139.0,SysPrm
2022-01-18 06:05:01.637,Djinn Status,IV,156.0,SysPrm
2022-01-18 06:08:32.576,Djinn Status,LPIV,140.0,SysPrm
2022-01-18 06:08:32.576,Djinn Status,IV,156.0,SysPrm
2022-01-17 23:32:26.799,Djinn Status,LPIV,139.0,SysPrm
2022-01-17 23:32:26.799,Djinn Status,IV,156.0,SysPrm
2022-01-17 23:34:01.420,Djinn Status,LPIV,140.0,SysPrm
2022-01-17 23:34:01.420,Djinn Status,IV,156.0,SysPrm
2022-01-17 23:32:56.610,Djinn Status,LPIV,140.0,SysPrm
2022-01-17 23:32:56.610,Djinn Status,IV,156.0,SysPrm
2022-01-17 23:32:44.770,Djinn Status,LPIV,140.0,SysPrm
2022-01-17 23:32:44.770,Djinn Status,IV,156.0,SysPrm
2022-01-17 23:34:16.499,Djinn Status,LPIV,140.0,SysPrm
2022-01-17 23:34:16.499,Djinn Status,IV,156.0,SysPrm
2022-01-19 22:57:08.344,Djinn Status,LPIV,140.0,SysPrm
2022-01-19 22:57:08.344,Djinn Status,IV,158.0,SysPrm
2022-01-19 22:55:03.431,Djinn Status,LPIV,140.0,SysPrm
2022-01-19 22:55:03.431,Djinn Status,IV,158.0,SysPrm
2022-01-19 22:42:19.685,Djinn Status,LPIV,139.0,SysPrm
2022-01-19 22:42:19.685,Djinn Status,IV,154.0,SysPrm
2022-01-19 22:41:18.059,Djinn Status,LPIV,139.0,SysPrm
2022-01-19 22:41:18.059,Djinn Status,IV,154.0,SysPrm
2022-01-19 22:40:32.043,Djinn Status,LPIV,139.0,SysPrm
2022-01-19 22:40:32.043,Djinn Status,IV,153.0,SysPrm
2022-01-19 22:41:40.287,Djinn Status,LPIV,139.0,SysPrm
2022-01-19 22:41:40.287,Djinn Status,IV,154.0,SysPrm
2022-01-19 20:12:30.498,Djinn Status,LPIV,143.0,SysPrm
2022-01-19 20:12:30.498,Djinn Status,IV,157.0,SysPrm
2022-01-19 20:09:49.472,Djinn Status,LPIV,142.0,SysPrm
2022-01-19 20:09:49.472,Djinn Status,IV,156.0,SysPrm
2022-01-19 20:10:39.355,Djinn Status,LPIV,142.0,SysPrm
2022-01-19 20:10:39.355,Djinn Status,IV,157.0,SysPrm
2022-01-19 10:16:41.639,Djinn Status,LPIV,136.0,SysPrm
2022-01-19 10:16:41.639,Djinn Status,IV,153.0,SysPrm
2022-01-19 10:19:32.918,Djinn Status,LPIV,137.0,SysPrm
2022-01-19 10:19:32.918,Djinn Status,IV,154.0,SysPrm
2022-01-19 07:07:06.300,Djinn Status,LPIV,140.0,SysPrm
2022-01-19 07:07:06.300,Djinn Status,IV,156.0,SysPrm
2022-01-19 07:03:48.457,Djinn Status,LPIV,139.0,SysPrm
2022-01-19 07:03:48.457,Djinn Status,IV,155.0,SysPrm
2022-01-19 07:11:21.217,Djinn Status,LPIV,139.0,SysPrm
2022-01-19 07:11:21.217,Djinn Status,IV,156.0,SysPrm
2022-01-19 05:43:42.063,Djinn Status,LPIV,139.0,SysPrm
2022-01-19 05:43:42.063,Djinn Status,IV,155.0,SysPrm
2022-01-19 04:32:09.144,Djinn Status,LPIV,139.0,SysPrm
2022-01-19 04:32:09.144,Djinn Status,IV,156.0,SysPrm
2022-01-19 02:27:06.640,Djinn Status,LPIV,140.0,SysPrm
2022-01-19 02:27:06.640,Djinn Status,IV,157.0,SysPrm
2022-01-19 01:55:59.803,Djinn Status,LPIV,137.0,SysPrm
2022-01-19 01:55:59.803,Djinn Status,IV,153.0,SysPrm
2022-01-19 01:56:35.252,Djinn Status,LPIV,138.0,SysPrm
2022-01-19 01:56:35.252,Djinn Status,IV,154.0,SysPrm
2022-01-19 01:00:26.487,Djinn Status,LPIV,139.0,SysPrm
2022-01-19 01:00:26.487,Djinn Status,IV,156.0,SysPrm
2022-01-18 23:49:57.948,Djinn Status,LPIV,138.0,SysPrm
2022-01-18 23:49:57.948,Djinn Status,IV,154.0,SysPrm
2022-01-18 23:45:42.431,Djinn Status,LPIV,138.0,SysPrm
2022-01-18 23:45:42.431,Djinn Status,IV,154.0,SysPrm
2022-01-18 23:42:43.001,Djinn Status,LPIV,138.0,SysPrm
2022-01-18 23:42:43.001,Djinn Status,IV,154.0,SysPrm
2022-01-18 23:42:36.575,Djinn Status,LPIV,142.0,SysPrm
2022-01-18 23:42:36.575,Djinn Status,IV,155.0,SysPrm
2022-01-19 00:38:52.221,Djinn Status,LPIV,140.0,SysPrm
2022-01-19 00:38:52.221,Djinn Status,IV,157.0,SysPrm
2022-01-19 00:34:29.350,Djinn Status,LPIV,140.0,SysPrm
2022-01-19 00:34:29.350,Djinn Status,IV,157.0,SysPrm
2022-01-19 00:35:15.006,Djinn Status,LPIV,141.0,SysPrm
2022-01-19 00:35:15.006,Djinn Status,IV,157.0,SysPrm
2022-01-20 02:48:01.640,Djinn Status,LPIV,140.0,SysPrm
2022-01-20 02:48:01.640,Djinn Status,IV,157.0,SysPrm
2022-01-20 02:47:44.626,Djinn Status,LPIV,139.0,SysPrm
2022-01-20 02:47:44.626,Djinn Status,IV,156.0,SysPrm
2022-01-20 02:12:56.416,Djinn Status,LPIV,140.0,SysPrm
2022-01-20 02:12:56.416,Djinn Status,IV,157.0,SysPrm
2022-01-20 02:12:19.821,Djinn Status,LPIV,140.0,SysPrm
2022-01-20 02:12:19.821,Djinn Status,IV,157.0,SysPrm
2022-01-20 03:37:25.651,Djinn Status,LPIV,139.0,SysPrm
2022-01-20 03:37:25.651,Djinn Status,IV,156.0,SysPrm
2022-01-20 03:34:40.106,Djinn Status,LPIV,139.0,SysPrm
2022-01-20 03:34:40.106,Djinn Status,IV,156.0,SysPrm
2022-01-20 02:08:24.817,Djinn Status,LPIV,139.0,SysPrm
2022-01-20 02:08:24.817,Djinn Status,IV,156.0,SysPrm
2022-01-20 03:22:14.746,Djinn Status,LPIV,139.0,SysPrm
2022-01-20 03:22:14.746,Djinn Status,IV,156.0,SysPrm
2022-01-20 00:56:45.283,Djinn Status,LPIV,140.0,SysPrm
2022-01-20 00:56:45.283,Djinn Status,IV,156.0,SysPrm
2022-01-20 00:56:28.282,Djinn Status,LPIV,139.0,SysPrm
2022-01-20 00:56:28.282,Djinn Status,IV,156.0,SysPrm
2022-01-20 00:55:59.547,Djinn Status,LPIV,139.0,SysPrm
2022-01-20 00:55:59.547,Djinn Status,IV,156.0,SysPrm
2022-01-20 00:55:42.477,Djinn Status,LPIV,139.0,SysPrm
2022-01-20 00:55:42.477,Djinn Status,IV,155.0,SysPrm
2022-01-20 00:58:16.411,Djinn Status,LPIV,139.0,SysPrm
2022-01-20 00:58:16.411,Djinn Status,IV,156.0,SysPrm
2022-01-20 00:57:34.142,Djinn Status,LPIV,139.0,SysPrm
2022-01-20 00:57:34.142,Djinn Status,IV,156.0,SysPrm
2022-01-20 00:41:29.328,Djinn Status,LPIV,139.0,SysPrm
2022-01-20 00:41:29.328,Djinn Status,IV,156.0,SysPrm
2022-01-20 00:41:04.725,Djinn Status,LPIV,139.0,SysPrm
2022-01-20 00:41:04.725,Djinn Status,IV,156.0,SysPrm
2022-01-20 00:40:34.724,Djinn Status,LPIV,139.0,SysPrm
2022-01-20 00:40:34.724,Djinn Status,IV,156.0,SysPrm
2022-01-20 00:36:36.321,Djinn Status,LPIV,140.0,SysPrm
2022-01-20 00:36:36.321,Djinn Status,IV,156.0,SysPrm
2022-01-20 00:36:04.723,Djinn Status,LPIV,140.0,SysPrm
2022-01-20 00:36:04.723,Djinn Status,IV,156.0,SysPrm
2022-01-20 00:34:58.589,Djinn Status,LPIV,142.0,SysPrm
2022-01-20 00:34:58.589,Djinn Status,IV,157.0,SysPrm
2022-01-20 00:38:16.217,Djinn Status,LPIV,140.0,SysPrm
2022-01-20 00:38:16.217,Djinn Status,IV,156.0,SysPrm
2022-01-20 00:37:24.674,Djinn Status,LPIV,139.0,SysPrm
2022-01-20 00:37:24.674,Djinn Status,IV,156.0,SysPrm
2022-01-20 00:33:51.632,Djinn Status,LPIV,142.0,SysPrm
2022-01-20 00:33:51.632,Djinn Status,IV,157.0,SysPrm
2022-01-20 00:33:27.225,Djinn Status,LPIV,142.0,SysPrm
2022-01-20 00:33:27.225,Djinn Status,IV,157.0,SysPrm
2022-01-20 00:33:02.751,Djinn Status,LPIV,142.0,SysPrm
2022-01-20 00:33:02.751,Djinn Status,IV,157.0,SysPrm
2022-01-20 00:31:53.500,Djinn Status,LPIV,139.0,SysPrm
2022-01-20 00:31:53.500,Djinn Status,IV,156.0,SysPrm
2022-01-20 00:34:40.688,Djinn Status,LPIV,142.0,SysPrm
2022-01-20 00:34:40.688,Djinn Status,IV,157.0,SysPrm
2022-01-20 00:34:23.735,Djinn Status,LPIV,141.0,SysPrm
2022-01-20 00:34:23.735,Djinn Status,IV,157.0,SysPrm
2022-01-19 23:58:04.475,Djinn Status,LPIV,142.0,SysPrm
2022-01-19 23:58:04.475,Djinn Status,IV,157.0,SysPrm
2022-01-19 23:56:22.614,Djinn Status,LPIV,142.0,SysPrm
2022-01-19 23:56:22.614,Djinn Status,IV,157.0,SysPrm
2022-01-19 23:55:54.275,Djinn Status,LPIV,142.0,SysPrm
2022-01-19 23:55:54.275,Djinn Status,IV,157.0,SysPrm
2022-01-19 23:57:24.943,Djinn Status,LPIV,141.0,SysPrm
2022-01-19 23:57:24.943,Djinn Status,IV,157.0,SysPrm
2022-01-19 23:56:47.871,Djinn Status,LPIV,143.0,SysPrm
2022-01-19 23:56:47.871,Djinn Status,IV,158.0,SysPrm
2022-01-19 23:51:32.831,Djinn Status,LPIV,139.0,SysPrm
2022-01-19 23:51:32.831,Djinn Status,IV,157.0,SysPrm
2022-01-19 23:29:01.413,Djinn Status,LPIV,140.0,SysPrm
2022-01-19 23:29:01.413,Djinn Status,IV,157.0,SysPrm
